city_town,county,count,change,change_%,rate_per_10k,date
Barrington,Bristol,0,0,0.0,0.0,03/25/2020
Middletown,Newport,5,0,0.0,3.1055900621118013,03/25/2020
Pawtucket,Providence,5,0,0.0,0.6966699177929497,03/25/2020
Little Compton,Newport,0,0,0.0,0.0,03/25/2020
Lincoln,Providence,0,0,0.0,0.0,03/25/2020
Portsmouth,Newport,0,0,0.0,0.0,03/25/2020
Johnston,Providence,0,0,0.0,0.0,03/25/2020
Providence,Providence,42,0,0.0,2.3397155574372315,03/25/2020
Jamestown,Newport,0,0,0.0,0.0,03/25/2020
Richmond,Washington,0,0,0.0,0.0,03/25/2020
Hopkinton,Washington,0,0,0.0,0.0,03/25/2020
Glocester,Providence,0,0,0.0,0.0,03/25/2020
Smithfield,Providence,0,0,0.0,0.0,03/25/2020
Bristol,Bristol,0,0,0.0,0.0,03/25/2020
Exeter,Washington,0,0,0.0,0.0,03/25/2020
East Providence,Providence,8,0,0.0,1.6868740115972587,03/25/2020
Tiverton,Newport,0,0,0.0,0.0,03/25/2020
Cumberland,Providence,0,0,0.0,0.0,03/25/2020
Newport,Newport,0,0,0.0,0.0,03/25/2020
Woonsocket,Providence,0,0,0.0,0.0,03/25/2020
Scituate,Providence,0,0,0.0,0.0,03/25/2020
Westerly,Washington,0,0,0.0,0.0,03/25/2020
Narragansett,Washington,0,0,0.0,0.0,03/25/2020
New Shoreham,Washington,0,0,0.0,0.0,03/25/2020
North Smithfield,Providence,0,0,0.0,0.0,03/25/2020
West Warwick,Kent,0,0,0.0,0.0,03/25/2020
West Greenwich,Kent,0,0,0.0,0.0,03/25/2020
Central Falls,Providence,0,0,0.0,0.0,03/25/2020
Coventry,Kent,0,0,0.0,0.0,03/25/2020
Warwick,Kent,7,0,0.0,0.8618779088379424,03/25/2020
Cranston,Providence,11,0,0.0,1.3583768631373567,03/25/2020
Warren,Bristol,0,0,0.0,0.0,03/25/2020
Burrillville,Providence,0,0,0.0,0.0,03/25/2020
Foster,Providence,0,0,0.0,0.0,03/25/2020
South Kingstown,Washington,7,0,0.0,2.2792393852565773,03/25/2020
North Kingstown,Washington,0,0,0.0,0.0,03/25/2020
North Providence,Providence,0,0,0.0,0.0,03/25/2020
Woonsocket,Providence,0,0,0.0,0.0,03/26/2020
New Shoreham,Washington,0,0,0.0,0.0,03/26/2020
Hopkinton,Washington,0,0,0.0,0.0,03/26/2020
Scituate,Providence,0,0,0.0,0.0,03/26/2020
Central Falls,Providence,0,0,0.0,0.0,03/26/2020
Pawtucket,Providence,7,2,0.3999999999999999,0.9753378849101296,03/26/2020
West Greenwich,Kent,0,0,0.0,0.0,03/26/2020
Richmond,Washington,0,0,0.0,0.0,03/26/2020
North Providence,Providence,0,0,0.0,0.0,03/26/2020
Jamestown,Newport,0,0,0.0,0.0,03/26/2020
Little Compton,Newport,0,0,0.0,0.0,03/26/2020
Tiverton,Newport,0,0,0.0,0.0,03/26/2020
Burrillville,Providence,0,0,0.0,0.0,03/26/2020
Westerly,Washington,0,0,0.0,0.0,03/26/2020
Providence,Providence,51,9,0.2142857142857142,2.8410831768880667,03/26/2020
West Warwick,Kent,0,0,0.0,0.0,03/26/2020
Johnston,Providence,6,6,0.0,2.057683734010083,03/26/2020
Lincoln,Providence,0,0,0.0,0.0,03/26/2020
Narragansett,Washington,0,0,0.0,0.0,03/26/2020
Portsmouth,Newport,0,0,0.0,0.0,03/26/2020
Glocester,Providence,0,0,0.0,0.0,03/26/2020
Middletown,Newport,6,1,0.19999999999999996,3.7267080745341614,03/26/2020
Coventry,Kent,0,0,0.0,0.0,03/26/2020
Cumberland,Providence,5,5,0.0,1.4493593831526466,03/26/2020
Barrington,Bristol,0,0,0.0,0.0,03/26/2020
Smithfield,Providence,0,0,0.0,0.0,03/26/2020
Foster,Providence,0,0,0.0,0.0,03/26/2020
Warwick,Kent,8,1,0.1428571428571428,0.9850033243862198,03/26/2020
Cranston,Providence,18,7,0.6363636363636365,2.2227985033156745,03/26/2020
East Providence,Providence,9,1,0.125,1.8977332630469161,03/26/2020
North Smithfield,Providence,0,0,0.0,0.0,03/26/2020
Bristol,Bristol,0,0,0.0,0.0,03/26/2020
Newport,Newport,5,5,0.0,2.0206102242877346,03/26/2020
Warren,Bristol,0,0,0.0,0.0,03/26/2020
Exeter,Washington,0,0,0.0,0.0,03/26/2020
North Kingstown,Washington,0,0,0.0,0.0,03/26/2020
South Kingstown,Washington,7,0,0.0,2.2792393852565773,03/26/2020
Exeter,Washington,0,0,0.0,0.0,03/27/2020
Warwick,Kent,11,3,0.375,1.354379571031052,03/27/2020
Cumberland,Providence,7,2,0.3999999999999999,2.0291031364137053,03/27/2020
East Providence,Providence,9,0,0.0,1.8977332630469161,03/27/2020
Johnston,Providence,5,-1,-0.16666666666666663,1.7147364450084024,03/27/2020
East Greenwich,Kent,0,0,0.0,0.0,03/27/2020
New Shoreham,Washington,0,0,0.0,0.0,03/27/2020
North Providence,Providence,0,0,0.0,0.0,03/27/2020
West Warwick,Kent,0,0,0.0,0.0,03/27/2020
South Kingstown,Washington,8,1,0.1428571428571428,2.6048450117218027,03/27/2020
Jamestown,Newport,0,0,0.0,0.0,03/27/2020
West Greenwich,Kent,0,0,0.0,0.0,03/27/2020
Hopkinton,Washington,0,0,0.0,0.0,03/27/2020
Richmond,Washington,0,0,0.0,0.0,03/27/2020
Warren,Bristol,0,0,0.0,0.0,03/27/2020
Central Falls,Providence,0,0,0.0,0.0,03/27/2020
Bristol,Bristol,0,0,0.0,0.0,03/27/2020
Cranston,Providence,21,3,0.16666666666666674,2.593264920534953,03/27/2020
Glocester,Providence,0,0,0.0,0.0,03/27/2020
Smithfield,Providence,0,0,0.0,0.0,03/27/2020
Coventry,Kent,5,5,0.0,1.4337739798698133,03/27/2020
Providence,Providence,57,6,0.11764705882352944,3.1753282565219574,03/27/2020
Narragansett,Washington,0,0,0.0,0.0,03/27/2020
Burrillville,Providence,0,0,0.0,0.0,03/27/2020
Tiverton,Newport,0,0,0.0,0.0,03/27/2020
Pawtucket,Providence,9,2,0.2857142857142858,1.2540058520273096,03/27/2020
Scituate,Providence,0,0,0.0,0.0,03/27/2020
Barrington,Bristol,5,5,0.0,3.0829942039708964,03/27/2020
Woonsocket,Providence,0,0,0.0,0.0,03/27/2020
Little Compton,Newport,0,0,0.0,0.0,03/27/2020
Middletown,Newport,6,0,0.0,3.7267080745341614,03/27/2020
Newport,Newport,5,0,0.0,2.0206102242877346,03/27/2020
North Smithfield,Providence,0,0,0.0,0.0,03/27/2020
Lincoln,Providence,0,0,0.0,0.0,03/27/2020
Westerly,Washington,5,5,0.0,2.209847078582162,03/27/2020
North Kingstown,Washington,8,8,0.0,3.0560012224004893,03/27/2020
Foster,Providence,0,0,0.0,0.0,03/27/2020
Portsmouth,Newport,0,0,0.0,0.0,03/27/2020
Charlestown,Washington,0,0,0.0,0.0,03/27/2020
Exeter,Washington,0,0,0.0,0.0,03/28/2020
Richmond,Washington,0,0,0.0,0.0,03/28/2020
Tiverton,Newport,5,5,0.0,3.15059861373661,03/28/2020
Central Falls,Providence,0,0,0.0,0.0,03/28/2020
Barrington,Bristol,6,1,0.19999999999999996,3.6995930447650758,03/28/2020
Glocester,Providence,0,0,0.0,0.0,03/28/2020
North Kingstown,Washington,8,0,0.0,3.0560012224004893,03/28/2020
East Providence,Providence,10,1,0.11111111111111116,2.1085925144965736,03/28/2020
Warwick,Kent,14,3,0.2727272727272727,1.7237558176758847,03/28/2020
Cumberland,Providence,7,0,0.0,2.0291031364137053,03/28/2020
Middletown,Newport,6,0,0.0,3.7267080745341614,03/28/2020
Woonsocket,Providence,0,0,0.0,0.0,03/28/2020
Coventry,Kent,5,0,0.0,1.4337739798698133,03/28/2020
Cranston,Providence,27,6,0.2857142857142858,3.334197754973512,03/28/2020
Bristol,Bristol,0,0,0.0,0.0,03/28/2020
Newport,Newport,5,0,0.0,2.0206102242877346,03/28/2020
Pawtucket,Providence,11,2,0.22222222222222232,1.5326738191444893,03/28/2020
Foster,Providence,0,0,0.0,0.0,03/28/2020
Warren,Bristol,0,0,0.0,0.0,03/28/2020
North Smithfield,Providence,0,0,0.0,0.0,03/28/2020
Charlestown,Washington,0,0,0.0,0.0,03/28/2020
South Kingstown,Washington,8,0,0.0,2.6048450117218027,03/28/2020
East Greenwich,Kent,0,0,0.0,0.0,03/28/2020
Smithfield,Providence,5,5,0.0,2.3136365739669613,03/28/2020
Scituate,Providence,0,0,0.0,0.0,03/28/2020
Narragansett,Washington,0,0,0.0,0.0,03/28/2020
West Warwick,Kent,5,5,0.0,1.741614127973806,03/28/2020
Hopkinton,Washington,0,0,0.0,0.0,03/28/2020
Providence,Providence,59,2,0.03508771929824572,3.286743283066587,03/28/2020
Portsmouth,Newport,0,0,0.0,0.0,03/28/2020
Little Compton,Newport,0,0,0.0,0.0,03/28/2020
West Greenwich,Kent,0,0,0.0,0.0,03/28/2020
New Shoreham,Washington,0,0,0.0,0.0,03/28/2020
Lincoln,Providence,0,0,0.0,0.0,03/28/2020
Westerly,Washington,5,0,0.0,2.209847078582162,03/28/2020
Jamestown,Newport,0,0,0.0,0.0,03/28/2020
North Providence,Providence,0,0,0.0,0.0,03/28/2020
Burrillville,Providence,7,7,0.0,4.2779441422722,03/28/2020
Johnston,Providence,5,0,0.0,1.7147364450084024,03/28/2020
Lincoln,Providence,0,0,0.0,0.0,03/29/2020
Pawtucket,Providence,14,3,0.2727272727272727,1.9506757698202593,03/29/2020
Exeter,Washington,0,0,0.0,0.0,03/29/2020
Warren,Bristol,0,0,0.0,0.0,03/29/2020
Cranston,Providence,31,4,0.14814814814814814,3.8281529779325507,03/29/2020
Barrington,Bristol,6,0,0.0,3.6995930447650758,03/29/2020
New Shoreham,Washington,0,0,0.0,0.0,03/29/2020
North Smithfield,Providence,0,0,0.0,0.0,03/29/2020
East Greenwich,Kent,0,0,0.0,0.0,03/29/2020
Scituate,Providence,0,0,0.0,0.0,03/29/2020
North Providence,Providence,0,0,0.0,0.0,03/29/2020
Johnston,Providence,7,2,0.3999999999999999,2.4006310230117633,03/29/2020
West Warwick,Kent,6,1,0.19999999999999996,2.0899369535685675,03/29/2020
Foster,Providence,0,0,0.0,0.0,03/29/2020
Cumberland,Providence,8,1,0.1428571428571428,2.318975013044234,03/29/2020
Tiverton,Newport,5,0,0.0,3.15059861373661,03/29/2020
East Providence,Providence,13,3,0.30000000000000004,2.7411702688455457,03/29/2020
North Kingstown,Washington,8,0,0.0,3.0560012224004893,03/29/2020
Narragansett,Washington,0,0,0.0,0.0,03/29/2020
South Kingstown,Washington,8,0,0.0,2.6048450117218027,03/29/2020
Bristol,Bristol,5,5,0.0,2.2403441168563494,03/29/2020
Providence,Providence,63,4,0.06779661016949157,3.5095733361558477,03/29/2020
Newport,Newport,6,1,0.19999999999999996,2.4247322691452817,03/29/2020
Hopkinton,Washington,0,0,0.0,0.0,03/29/2020
Richmond,Washington,0,0,0.0,0.0,03/29/2020
Little Compton,Newport,0,0,0.0,0.0,03/29/2020
West Greenwich,Kent,0,0,0.0,0.0,03/29/2020
Charlestown,Washington,0,0,0.0,0.0,03/29/2020
Central Falls,Providence,0,0,0.0,0.0,03/29/2020
Portsmouth,Newport,0,0,0.0,0.0,03/29/2020
Jamestown,Newport,0,0,0.0,0.0,03/29/2020
Burrillville,Providence,7,0,0.0,4.2779441422722,03/29/2020
Middletown,Newport,6,0,0.0,3.7267080745341614,03/29/2020
Glocester,Providence,0,0,0.0,0.0,03/29/2020
Westerly,Washington,5,0,0.0,2.209847078582162,03/29/2020
Woonsocket,Providence,0,0,0.0,0.0,03/29/2020
Coventry,Kent,6,1,0.19999999999999996,1.720528775843776,03/29/2020
Warwick,Kent,16,2,0.1428571428571428,1.9700066487724397,03/29/2020
Smithfield,Providence,5,0,0.0,2.3136365739669613,03/29/2020
Burrillville,Providence,8,1,0.1428571428571428,4.889079019739657,03/30/2020
Woonsocket,Providence,0,0,0.0,0.0,03/30/2020
Narragansett,Washington,0,0,0.0,0.0,03/30/2020
East Greenwich,Kent,0,0,0.0,0.0,03/30/2020
Scituate,Providence,0,0,0.0,0.0,03/30/2020
Coventry,Kent,6,0,0.0,1.720528775843776,03/30/2020
Cranston,Providence,35,4,0.12903225806451624,4.322108200891589,03/30/2020
West Greenwich,Kent,0,0,0.0,0.0,03/30/2020
Tiverton,Newport,5,0,0.0,3.15059861373661,03/30/2020
Cumberland,Providence,10,2,0.25,2.898718766305293,03/30/2020
Warren,Bristol,0,0,0.0,0.0,03/30/2020
Westerly,Washington,8,3,0.6000000000000001,3.535755325731459,03/30/2020
Central Falls,Providence,5,5,0.0,2.577984016499098,03/30/2020
Newport,Newport,7,1,0.16666666666666674,2.828854314002829,03/30/2020
Warwick,Kent,17,1,0.0625,2.0931320643207174,03/30/2020
Barrington,Bristol,8,2,0.33333333333333326,4.932790726353435,03/30/2020
New Shoreham,Washington,0,0,0.0,0.0,03/30/2020
North Kingstown,Washington,8,0,0.0,3.0560012224004893,03/30/2020
West Warwick,Kent,8,2,0.33333333333333326,2.78658260475809,03/30/2020
East Providence,Providence,17,4,0.3076923076923077,3.584607274644175,03/30/2020
North Providence,Providence,16,16,0.0,4.946668727778637,03/30/2020
Bristol,Bristol,5,0,0.0,2.2403441168563494,03/30/2020
Smithfield,Providence,6,1,0.19999999999999996,2.7763638887603537,03/30/2020
Johnston,Providence,8,1,0.1428571428571428,2.7435783120134434,03/30/2020
Middletown,Newport,6,0,0.0,3.7267080745341614,03/30/2020
Charlestown,Washington,0,0,0.0,0.0,03/30/2020
Glocester,Providence,0,0,0.0,0.0,03/30/2020
Exeter,Washington,0,0,0.0,0.0,03/30/2020
South Kingstown,Washington,8,0,0.0,2.6048450117218027,03/30/2020
Portsmouth,Newport,0,0,0.0,0.0,03/30/2020
North Smithfield,Providence,0,0,0.0,0.0,03/30/2020
Jamestown,Newport,0,0,0.0,0.0,03/30/2020
Providence,Providence,71,8,0.12698412698412698,3.955233442334368,03/30/2020
Little Compton,Newport,0,0,0.0,0.0,03/30/2020
Hopkinton,Washington,0,0,0.0,0.0,03/30/2020
Richmond,Washington,0,0,0.0,0.0,03/30/2020
Lincoln,Providence,0,0,0.0,0.0,03/30/2020
Foster,Providence,0,0,0.0,0.0,03/30/2020
Pawtucket,Providence,32,18,1.2857142857142856,4.458687473874878,03/30/2020
New Shoreham,Washington,0,0,0.0,0.0,03/31/2020
Smithfield,Providence,7,1,0.16666666666666674,3.239091203553746,03/31/2020
Hopkinton,Washington,0,0,0.0,0.0,03/31/2020
Charlestown,Washington,0,0,0.0,0.0,03/31/2020
East Greenwich,Kent,0,0,0.0,0.0,03/31/2020
Middletown,Newport,7,1,0.16666666666666674,4.3478260869565215,03/31/2020
Central Falls,Providence,6,1,0.19999999999999996,3.093580819798917,03/31/2020
Little Compton,Newport,0,0,0.0,0.0,03/31/2020
Glocester,Providence,0,0,0.0,0.0,03/31/2020
Warwick,Kent,22,5,0.2941176470588236,2.708759142062104,03/31/2020
Coventry,Kent,9,3,0.5,2.580793163765664,03/31/2020
Richmond,Washington,0,0,0.0,0.0,03/31/2020
Burrillville,Providence,10,2,0.25,6.11134877467457,03/31/2020
Scituate,Providence,0,0,0.0,0.0,03/31/2020
Newport,Newport,8,1,0.1428571428571428,3.2329763588603755,03/31/2020
Providence,Providence,83,12,0.16901408450704225,4.623723601602149,03/31/2020
Jamestown,Newport,0,0,0.0,0.0,03/31/2020
Woonsocket,Providence,5,5,0.0,1.2045870675532426,03/31/2020
East Providence,Providence,18,1,0.05882352941176472,3.7954665260938323,03/31/2020
Tiverton,Newport,5,0,0.0,3.15059861373661,03/31/2020
Portsmouth,Newport,0,0,0.0,0.0,03/31/2020
Foster,Providence,0,0,0.0,0.0,03/31/2020
Cumberland,Providence,15,5,0.5,4.3480781494579395,03/31/2020
Narragansett,Washington,0,0,0.0,0.0,03/31/2020
North Kingstown,Washington,8,0,0.0,3.0560012224004893,03/31/2020
Lincoln,Providence,8,8,0.0,3.698566805362922,03/31/2020
Barrington,Bristol,12,4,0.5,7.3991860895301516,03/31/2020
North Smithfield,Providence,0,0,0.0,0.0,03/31/2020
Pawtucket,Providence,52,20,0.625,7.245367145046677,03/31/2020
West Greenwich,Kent,0,0,0.0,0.0,03/31/2020
South Kingstown,Washington,9,1,0.125,2.9304506381870277,03/31/2020
Exeter,Washington,0,0,0.0,0.0,03/31/2020
Bristol,Bristol,6,1,0.19999999999999996,2.688412940227619,03/31/2020
North Providence,Providence,49,33,2.0625,15.149172978822074,03/31/2020
Warren,Bristol,0,0,0.0,0.0,03/31/2020
Cranston,Providence,39,4,0.11428571428571432,4.816063423850628,03/31/2020
West Warwick,Kent,8,0,0.0,2.78658260475809,03/31/2020
Johnston,Providence,9,1,0.125,3.086525601015124,03/31/2020
Westerly,Washington,8,0,0.0,3.535755325731459,03/31/2020
New Shoreham,Washington,0,0,0.0,0.0,04/01/2020
West Greenwich,Kent,0,0,0.0,0.0,04/01/2020
Barrington,Bristol,12,0,0.0,7.3991860895301516,04/01/2020
Jamestown,Newport,0,0,0.0,0.0,04/01/2020
Portsmouth,Newport,6,6,0.0,3.435835767050335,04/01/2020
Pawtucket,Providence,86,34,0.6538461538461537,11.982722586038737,04/01/2020
Burrillville,Providence,10,0,0.0,6.11134877467457,04/01/2020
West Warwick,Kent,11,3,0.375,3.8315510815423734,04/01/2020
Lincoln,Providence,11,3,0.375,5.085529357374018,04/01/2020
Providence,Providence,96,13,0.15662650602409633,5.3479212741422435,04/01/2020
Johnston,Providence,10,1,0.11111111111111116,3.4294728900168048,04/01/2020
Westerly,Washington,8,0,0.0,3.535755325731459,04/01/2020
Narragansett,Washington,0,0,0.0,0.0,04/01/2020
Scituate,Providence,0,0,0.0,0.0,04/01/2020
Little Compton,Newport,0,0,0.0,0.0,04/01/2020
North Providence,Providence,60,11,0.22448979591836737,18.550007729169888,04/01/2020
Tiverton,Newport,6,1,0.19999999999999996,3.780718336483932,04/01/2020
Foster,Providence,0,0,0.0,0.0,04/01/2020
Cumberland,Providence,19,4,0.2666666666666666,5.507565655980057,04/01/2020
East Providence,Providence,20,2,0.11111111111111116,4.217185028993147,04/01/2020
North Kingstown,Washington,10,2,0.25,3.820001528000611,04/01/2020
South Kingstown,Washington,10,1,0.11111111111111116,3.256056264652253,04/01/2020
Cranston,Providence,47,8,0.20512820512820507,5.803973869768705,04/01/2020
Exeter,Washington,0,0,0.0,0.0,04/01/2020
North Smithfield,Providence,0,0,0.0,0.0,04/01/2020
Warren,Bristol,0,0,0.0,0.0,04/01/2020
Hopkinton,Washington,0,0,0.0,0.0,04/01/2020
Bristol,Bristol,7,1,0.16666666666666674,3.1364817635988884,04/01/2020
Woonsocket,Providence,8,3,0.6000000000000001,1.9273393080851884,04/01/2020
Charlestown,Washington,0,0,0.0,0.0,04/01/2020
Coventry,Kent,13,4,0.4444444444444444,3.727812347661515,04/01/2020
Smithfield,Providence,12,5,0.7142857142857142,5.552727777520707,04/01/2020
Warwick,Kent,29,7,0.3181818181818181,3.570637050900047,04/01/2020
Richmond,Washington,0,0,0.0,0.0,04/01/2020
Newport,Newport,8,0,0.0,3.2329763588603755,04/01/2020
Central Falls,Providence,8,2,0.33333333333333326,4.124774426398556,04/01/2020
Glocester,Providence,0,0,0.0,0.0,04/01/2020
Middletown,Newport,9,2,0.2857142857142858,5.590062111801242,04/01/2020
East Greenwich,Kent,0,0,0.0,0.0,04/01/2020
Newport,Newport,9,1,0.125,3.6370984037179226,04/02/2020
Little Compton,Newport,0,0,0.0,0.0,04/02/2020
North Kingstown,Washington,10,0,0.0,3.820001528000611,04/02/2020
Lincoln,Providence,11,0,0.0,5.085529357374018,04/02/2020
Scituate,Providence,0,0,0.0,0.0,04/02/2020
Westerly,Washington,8,0,0.0,3.535755325731459,04/02/2020
North Providence,Providence,61,1,0.016666666666666607,18.85917452465605,04/02/2020
North Smithfield,Providence,0,0,0.0,0.0,04/02/2020
Woonsocket,Providence,9,1,0.125,2.168256721595837,04/02/2020
Pawtucket,Providence,91,5,0.058139534883721034,12.679392503831684,04/02/2020
Middletown,Newport,9,0,0.0,5.590062111801242,04/02/2020
Providence,Providence,102,6,0.0625,5.682166353776133,04/02/2020
Foster,Providence,0,0,0.0,0.0,04/02/2020
Central Falls,Providence,11,3,0.375,5.671564836298016,04/02/2020
Coventry,Kent,15,2,0.15384615384615374,4.30132193960944,04/02/2020
Bristol,Bristol,7,0,0.0,3.1364817635988884,04/02/2020
Warren,Bristol,0,0,0.0,0.0,04/02/2020
Warwick,Kent,30,1,0.034482758620689724,3.693762466448324,04/02/2020
Exeter,Washington,0,0,0.0,0.0,04/02/2020
Cranston,Providence,54,7,0.14893617021276606,6.668395509947024,04/02/2020
Portsmouth,Newport,7,1,0.16666666666666674,4.008475061558724,04/02/2020
Glocester,Providence,0,0,0.0,0.0,04/02/2020
Richmond,Washington,0,0,0.0,0.0,04/02/2020
South Kingstown,Washington,12,2,0.19999999999999996,3.907267517582704,04/02/2020
East Greenwich,Kent,0,0,0.0,0.0,04/02/2020
Burrillville,Providence,10,0,0.0,6.11134877467457,04/02/2020
Hopkinton,Washington,0,0,0.0,0.0,04/02/2020
Charlestown,Washington,0,0,0.0,0.0,04/02/2020
Jamestown,Newport,0,0,0.0,0.0,04/02/2020
Narragansett,Washington,0,0,0.0,0.0,04/02/2020
Tiverton,Newport,6,0,0.0,3.780718336483932,04/02/2020
Johnston,Providence,11,1,0.10000000000000009,3.772420179018485,04/02/2020
West Warwick,Kent,12,1,0.09090909090909083,4.179873907137135,04/02/2020
Cumberland,Providence,21,2,0.10526315789473695,6.087309409241116,04/02/2020
West Greenwich,Kent,0,0,0.0,0.0,04/02/2020
Smithfield,Providence,12,0,0.0,5.552727777520707,04/02/2020
Barrington,Bristol,13,1,0.08333333333333326,8.015784930324331,04/02/2020
East Providence,Providence,21,1,0.050000000000000044,4.428044280442805,04/02/2020
New Shoreham,Washington,0,0,0.0,0.0,04/02/2020
Cranston,Providence,64,10,0.18518518518518512,7.90328356734462,04/04/2020
Middletown,Newport,9,0,0.0,5.590062111801242,04/04/2020
Cumberland,Providence,25,4,0.19047619047619047,7.246796915763232,04/04/2020
North Kingstown,Washington,15,5,0.5,5.730002292000917,04/04/2020
East Providence,Providence,24,3,0.1428571428571428,5.060622034791777,04/04/2020
Exeter,Washington,0,0,0.0,0.0,04/04/2020
Scituate,Providence,0,0,0.0,0.0,04/04/2020
Bristol,Bristol,10,3,0.4285714285714286,4.480688233712699,04/04/2020
Little Compton,Newport,0,0,0.0,0.0,04/04/2020
Central Falls,Providence,12,1,0.09090909090909083,6.187161639597834,04/04/2020
Glocester,Providence,0,0,0.0,0.0,04/04/2020
Newport,Newport,13,4,0.4444444444444444,5.2535865831481106,04/04/2020
Burrillville,Providence,11,1,0.10000000000000009,6.722483652142028,04/04/2020
East Greenwich,Kent,0,0,0.0,0.0,04/04/2020
Hopkinton,Washington,0,0,0.0,0.0,04/04/2020
Charlestown,Washington,0,0,0.0,0.0,04/04/2020
New Shoreham,Washington,0,0,0.0,0.0,04/04/2020
Jamestown,Newport,0,0,0.0,0.0,04/04/2020
Lincoln,Providence,12,1,0.09090909090909083,5.547850208044383,04/04/2020
Johnston,Providence,11,0,0.0,3.772420179018485,04/04/2020
Coventry,Kent,23,8,0.5333333333333334,6.59536030740114,04/04/2020
Foster,Providence,0,0,0.0,0.0,04/04/2020
Narragansett,Washington,0,0,0.0,0.0,04/04/2020
West Warwick,Kent,20,8,0.6666666666666667,6.966456511895224,04/04/2020
Westerly,Washington,9,1,0.125,3.977724741447892,04/04/2020
Portsmouth,Newport,8,1,0.1428571428571428,4.581114356067113,04/04/2020
Richmond,Washington,0,0,0.0,0.0,04/04/2020
Warwick,Kent,37,7,0.2333333333333334,4.555640375286266,04/04/2020
Smithfield,Providence,13,1,0.08333333333333326,6.0154550923141,04/04/2020
Woonsocket,Providence,12,3,0.33333333333333326,2.891008962127783,04/04/2020
Barrington,Bristol,13,0,0.0,8.015784930324331,04/04/2020
South Kingstown,Washington,19,7,0.5833333333333333,6.186506902839281,04/04/2020
North Providence,Providence,68,7,0.11475409836065564,21.023342093059206,04/04/2020
Pawtucket,Providence,99,8,0.08791208791208782,13.794064372300404,04/04/2020
West Greenwich,Kent,0,0,0.0,0.0,04/04/2020
Providence,Providence,136,34,0.33333333333333326,7.576221805034844,04/04/2020
Warren,Bristol,0,0,0.0,0.0,04/04/2020
Tiverton,Newport,7,1,0.16666666666666674,4.410838059231254,04/04/2020
North Smithfield,Providence,0,0,0.0,0.0,04/04/2020
Westerly,Washington,12,3,0.33333333333333326,5.303632988597189,04/05/2020
Coventry,Kent,25,2,0.08695652173913038,7.168869899349066,04/05/2020
Scituate,Providence,5,5,0.0,4.748789058790009,04/05/2020
Hopkinton,Washington,0,0,0.0,0.0,04/05/2020
Foster,Providence,0,0,0.0,0.0,04/05/2020
Central Falls,Providence,12,0,0.0,6.187161639597834,04/05/2020
Richmond,Washington,0,0,0.0,0.0,04/05/2020
Glocester,Providence,0,0,0.0,0.0,04/05/2020
East Greenwich,Kent,0,0,0.0,0.0,04/05/2020
Narragansett,Washington,0,0,0.0,0.0,04/05/2020
Warren,Bristol,0,0,0.0,0.0,04/05/2020
Bristol,Bristol,10,0,0.0,4.480688233712699,04/05/2020
West Greenwich,Kent,0,0,0.0,0.0,04/05/2020
Smithfield,Providence,14,1,0.07692307692307687,6.478182407107492,04/05/2020
Cranston,Providence,67,3,0.046875,8.2737499845639,04/05/2020
Charlestown,Washington,0,0,0.0,0.0,04/05/2020
Barrington,Bristol,14,1,0.07692307692307687,8.63238377111851,04/05/2020
West Warwick,Kent,24,4,0.19999999999999996,8.35974781427427,04/05/2020
Providence,Providence,151,15,0.11029411764705888,8.411834504119572,04/05/2020
New Shoreham,Washington,0,0,0.0,0.0,04/05/2020
North Providence,Providence,73,5,0.07352941176470584,22.569176070490027,04/05/2020
Tiverton,Newport,7,0,0.0,4.410838059231254,04/05/2020
South Kingstown,Washington,19,0,0.0,6.186506902839281,04/05/2020
Cumberland,Providence,27,2,0.08000000000000007,7.826540669024292,04/05/2020
East Providence,Providence,27,3,0.125,5.693199789140749,04/05/2020
Burrillville,Providence,11,0,0.0,6.722483652142028,04/05/2020
Exeter,Washington,0,0,0.0,0.0,04/05/2020
Warwick,Kent,41,4,0.10810810810810811,5.048142037479376,04/05/2020
Newport,Newport,14,1,0.07692307692307687,5.657708628005658,04/05/2020
Woonsocket,Providence,13,1,0.08333333333333326,3.131926375638431,04/05/2020
Portsmouth,Newport,9,1,0.125,5.153753650575503,04/05/2020
Johnston,Providence,14,3,0.2727272727272727,4.801262046023527,04/05/2020
Middletown,Newport,10,1,0.11111111111111116,6.211180124223603,04/05/2020
North Smithfield,Providence,0,0,0.0,0.0,04/05/2020
North Kingstown,Washington,17,2,0.1333333333333333,6.494002597601039,04/05/2020
Lincoln,Providence,12,0,0.0,5.547850208044383,04/05/2020
Little Compton,Newport,0,0,0.0,0.0,04/05/2020
Pawtucket,Providence,109,10,0.101010101010101,15.187404207886303,04/05/2020
Jamestown,Newport,0,0,0.0,0.0,04/05/2020
Tiverton,Newport,10,3,0.4285714285714286,6.30119722747322,04/06/2020
Cumberland,Providence,32,5,0.18518518518518512,9.275900052176937,04/06/2020
Johnston,Providence,17,3,0.2142857142857142,5.830103913028568,04/06/2020
Bristol,Bristol,11,1,0.10000000000000009,4.928757057083968,04/06/2020
Pawtucket,Providence,126,17,0.15596330275229353,17.556081928382334,04/06/2020
Burrillville,Providence,12,1,0.09090909090909083,7.333618529609485,04/06/2020
North Kingstown,Washington,28,11,0.6470588235294117,10.69600427840171,04/06/2020
Woonsocket,Providence,13,0,0.0,3.131926375638431,04/06/2020
West Warwick,Kent,25,1,0.04166666666666674,8.70807063986903,04/06/2020
Lincoln,Providence,12,0,0.0,5.547850208044383,04/06/2020
Barrington,Bristol,15,1,0.0714285714285714,9.24898261191269,04/06/2020
Little Compton,Newport,0,0,0.0,0.0,04/06/2020
Smithfield,Providence,16,2,0.1428571428571428,7.403637036694276,04/06/2020
West Greenwich,Kent,0,0,0.0,0.0,04/06/2020
New Shoreham,Washington,0,0,0.0,0.0,04/06/2020
East Providence,Providence,34,7,0.2592592592592593,7.16921454928835,04/06/2020
Exeter,Washington,0,0,0.0,0.0,04/06/2020
Richmond,Washington,0,0,0.0,0.0,04/06/2020
Newport,Newport,14,0,0.0,5.657708628005658,04/06/2020
Narragansett,Washington,5,5,0.0,3.204922761361451,04/06/2020
Charlestown,Washington,0,0,0.0,0.0,04/06/2020
Jamestown,Newport,5,5,0.0,9.08265213442325,04/06/2020
Middletown,Newport,10,0,0.0,6.211180124223603,04/06/2020
Providence,Providence,178,27,0.17880794701986757,9.915937362472077,04/06/2020
Coventry,Kent,26,1,0.040000000000000036,7.45562469532303,04/06/2020
Westerly,Washington,13,1,0.08333333333333326,5.745602404313621,04/06/2020
Central Falls,Providence,15,3,0.25,7.733952049497294,04/06/2020
Scituate,Providence,5,0,0.0,4.748789058790009,04/06/2020
Warwick,Kent,48,7,0.1707317073170731,5.910019946317319,04/06/2020
Glocester,Providence,0,0,0.0,0.0,04/06/2020
North Providence,Providence,77,4,0.0547945205479452,23.805843252434688,04/06/2020
Warren,Bristol,0,0,0.0,0.0,04/06/2020
South Kingstown,Washington,20,1,0.05263157894736836,6.512112529304506,04/06/2020
Portsmouth,Newport,12,3,0.33333333333333326,6.87167153410067,04/06/2020
Foster,Providence,0,0,0.0,0.0,04/06/2020
Cranston,Providence,78,11,0.16417910447761197,9.632126847701256,04/06/2020
North Smithfield,Providence,5,5,0.0,4.064710186163727,04/06/2020
East Greenwich,Kent,5,5,0.0,3.8185428440507105,04/06/2020
Hopkinton,Washington,0,0,0.0,0.0,04/06/2020
Cranston,Providence,90,12,0.15384615384615374,11.113992516578373,04/07/2020
East Providence,Providence,41,7,0.2058823529411764,8.645229309435951,04/07/2020
Tiverton,Newport,12,2,0.19999999999999996,7.561436672967864,04/07/2020
North Smithfield,Providence,5,0,0.0,4.064710186163727,04/07/2020
Coventry,Kent,37,11,0.42307692307692313,10.609927451036619,04/07/2020
Charlestown,Washington,0,0,0.0,0.0,04/07/2020
West Greenwich,Kent,0,0,0.0,0.0,04/07/2020
Warren,Bristol,0,0,0.0,0.0,04/07/2020
Central Falls,Providence,15,0,0.0,7.733952049497294,04/07/2020
North Kingstown,Washington,32,4,0.1428571428571428,12.224004889601957,04/07/2020
Little Compton,Newport,0,0,0.0,0.0,04/07/2020
Cumberland,Providence,34,2,0.0625,9.855643805437996,04/07/2020
Burrillville,Providence,16,4,0.33333333333333326,9.778158039479314,04/07/2020
Middletown,Newport,11,1,0.10000000000000009,6.832298136645963,04/07/2020
Warwick,Kent,54,6,0.125,6.648772439606984,04/07/2020
Lincoln,Providence,13,1,0.08333333333333326,6.010171058714748,04/07/2020
Pawtucket,Providence,133,7,0.05555555555555558,18.531419813292462,04/07/2020
East Greenwich,Kent,5,0,0.0,3.8185428440507105,04/07/2020
Hopkinton,Washington,0,0,0.0,0.0,04/07/2020
Glocester,Providence,0,0,0.0,0.0,04/07/2020
South Kingstown,Washington,20,0,0.0,6.512112529304506,04/07/2020
Johnston,Providence,21,4,0.23529411764705888,7.20189306903529,04/07/2020
Narragansett,Washington,8,3,0.6000000000000001,5.127876418178322,04/07/2020
Richmond,Washington,0,0,0.0,0.0,04/07/2020
North Providence,Providence,84,7,0.09090909090909083,25.97001082083784,04/07/2020
Scituate,Providence,5,0,0.0,4.748789058790009,04/07/2020
Bristol,Bristol,14,3,0.2727272727272727,6.272963527197777,04/07/2020
Portsmouth,Newport,13,1,0.08333333333333326,7.444310828609059,04/07/2020
Foster,Providence,0,0,0.0,0.0,04/07/2020
Newport,Newport,14,0,0.0,5.657708628005658,04/07/2020
West Warwick,Kent,28,3,0.1200000000000001,9.753039116653314,04/07/2020
Woonsocket,Providence,20,7,0.5384615384615385,4.8183482702129705,04/07/2020
Barrington,Bristol,15,0,0.0,9.24898261191269,04/07/2020
Smithfield,Providence,19,3,0.1875,8.791818981074453,04/07/2020
Westerly,Washington,16,3,0.23076923076923084,7.071510651462918,04/07/2020
New Shoreham,Washington,0,0,0.0,0.0,04/07/2020
Exeter,Washington,0,0,0.0,0.0,04/07/2020
Providence,Providence,217,39,0.2191011235955056,12.088530380092363,04/07/2020
Jamestown,Newport,5,0,0.0,9.08265213442325,04/07/2020
Jamestown,Newport,6,1,0.19999999999999996,10.899182561307903,04/08/2020
Warren,Bristol,0,0,0.0,0.0,04/08/2020
Coventry,Kent,39,2,0.054054054054053946,11.183437042984544,04/08/2020
Hopkinton,Washington,0,0,0.0,0.0,04/08/2020
Charlestown,Washington,0,0,0.0,0.0,04/08/2020
Portsmouth,Newport,12,-1,-0.07692307692307687,6.87167153410067,04/08/2020
Providence,Providence,283,66,0.30414746543778803,15.765226256065155,04/08/2020
North Smithfield,Providence,6,1,0.19999999999999996,4.877652223396471,04/08/2020
Glocester,Providence,0,0,0.0,0.0,04/08/2020
Cranston,Providence,98,8,0.0888888888888888,12.10190296249645,04/08/2020
Tiverton,Newport,12,0,0.0,7.561436672967864,04/08/2020
Richmond,Washington,0,0,0.0,0.0,04/08/2020
Bristol,Bristol,14,0,0.0,6.272963527197777,04/08/2020
Johnston,Providence,25,4,0.19047619047619047,8.573682225042011,04/08/2020
Pawtucket,Providence,143,10,0.07518796992481214,19.924759648878364,04/08/2020
Little Compton,Newport,0,0,0.0,0.0,04/08/2020
Cumberland,Providence,37,3,0.08823529411764697,10.725259435329585,04/08/2020
Smithfield,Providence,19,0,0.0,8.791818981074453,04/08/2020
Exeter,Washington,5,5,0.0,7.395355716609969,04/08/2020
South Kingstown,Washington,23,3,0.1499999999999999,7.488929408700182,04/08/2020
Lincoln,Providence,14,1,0.07692307692307687,6.472491909385114,04/08/2020
East Providence,Providence,46,5,0.12195121951219523,9.699525566684239,04/08/2020
Foster,Providence,0,0,0.0,0.0,04/08/2020
North Providence,Providence,93,9,0.1071428571428572,28.752511980213324,04/08/2020
Middletown,Newport,11,0,0.0,6.832298136645963,04/08/2020
West Warwick,Kent,31,3,0.1071428571428572,10.798007593437598,04/08/2020
Woonsocket,Providence,23,3,0.1499999999999999,5.541100510744917,04/08/2020
North Kingstown,Washington,40,8,0.25,15.280006112002445,04/08/2020
Newport,Newport,14,0,0.0,5.657708628005658,04/08/2020
Central Falls,Providence,20,5,0.33333333333333326,10.311936065996392,04/08/2020
Warwick,Kent,59,5,0.09259259259259256,7.264399517348371,04/08/2020
Barrington,Bristol,16,1,0.06666666666666665,9.86558145270687,04/08/2020
Narragansett,Washington,9,1,0.125,5.768860970450612,04/08/2020
New Shoreham,Washington,0,0,0.0,0.0,04/08/2020
Scituate,Providence,6,1,0.19999999999999996,5.69854687054801,04/08/2020
West Greenwich,Kent,0,0,0.0,0.0,04/08/2020
East Greenwich,Kent,7,2,0.3999999999999999,5.345959981670995,04/08/2020
Burrillville,Providence,17,1,0.0625,10.38929291694677,04/08/2020
Westerly,Washington,17,1,0.0625,7.513480067179351,04/08/2020
South Kingstown,Washington,23,0,0.0,7.488929408700182,04/09/2020
West Greenwich,Kent,0,0,0.0,0.0,04/09/2020
Barrington,Bristol,17,1,0.0625,10.482180293501049,04/09/2020
Cumberland,Providence,40,3,0.08108108108108114,11.594875065221173,04/09/2020
East Providence,Providence,49,3,0.0652173913043479,10.33210332103321,04/09/2020
Burrillville,Providence,22,5,0.2941176470588236,13.444967304284056,04/09/2020
Tiverton,Newport,12,0,0.0,7.561436672967864,04/09/2020
North Kingstown,Washington,42,2,0.050000000000000044,16.044006417602567,04/09/2020
Lincoln,Providence,16,2,0.1428571428571428,7.397133610725844,04/09/2020
Richmond,Washington,0,0,0.0,0.0,04/09/2020
Johnston,Providence,29,4,0.15999999999999992,9.945471381048733,04/09/2020
Exeter,Washington,5,0,0.0,7.395355716609969,04/09/2020
Providence,Providence,345,62,0.21908127208480566,19.219092078948687,04/09/2020
East Greenwich,Kent,8,1,0.1428571428571428,6.109668550481136,04/09/2020
Hopkinton,Washington,0,0,0.0,0.0,04/09/2020
Westerly,Washington,17,0,0.0,7.513480067179351,04/09/2020
North Providence,Providence,98,5,0.053763440860215006,30.29834595764415,04/09/2020
Jamestown,Newport,6,0,0.0,10.899182561307903,04/09/2020
New Shoreham,Washington,0,0,0.0,0.0,04/09/2020
Glocester,Providence,0,0,0.0,0.0,04/09/2020
Narragansett,Washington,10,1,0.11111111111111116,6.409845522722902,04/09/2020
Foster,Providence,0,0,0.0,0.0,04/09/2020
Bristol,Bristol,14,0,0.0,6.272963527197777,04/09/2020
Portsmouth,Newport,12,0,0.0,6.87167153410067,04/09/2020
Newport,Newport,15,1,0.0714285714285714,6.061830672863205,04/09/2020
Smithfield,Providence,22,3,0.1578947368421053,10.180000925454628,04/09/2020
West Warwick,Kent,34,3,0.09677419354838701,11.842976070221882,04/09/2020
Little Compton,Newport,0,0,0.0,0.0,04/09/2020
Pawtucket,Providence,156,13,0.09090909090909083,21.736101435140032,04/09/2020
North Smithfield,Providence,6,0,0.0,4.877652223396471,04/09/2020
Middletown,Newport,11,0,0.0,6.832298136645963,04/09/2020
Coventry,Kent,42,3,0.07692307692307687,12.043701430906433,04/09/2020
Woonsocket,Providence,27,4,0.17391304347826098,6.5047701647875105,04/09/2020
Charlestown,Washington,0,0,0.0,0.0,04/09/2020
Warren,Bristol,6,6,0.0,5.71864277544796,04/09/2020
Central Falls,Providence,26,6,0.30000000000000004,13.405516885795308,04/09/2020
Warwick,Kent,67,8,0.13559322033898313,8.249402841734591,04/09/2020
Scituate,Providence,7,1,0.16666666666666674,6.648304682306011,04/09/2020
Cranston,Providence,112,14,0.1428571428571428,13.830746242853085,04/09/2020
East Providence,Providence,58,9,0.18367346938775508,12.229836584080127,04/10/2020
Pawtucket,Providence,186,30,0.1923076923076923,25.916120941897727,04/10/2020
East Greenwich,Kent,8,0,0.0,6.109668550481136,04/10/2020
New Shoreham,Washington,0,0,0.0,0.0,04/10/2020
Jamestown,Newport,6,0,0.0,10.899182561307903,04/10/2020
Charlestown,Washington,5,5,0.0,6.441638752898738,04/10/2020
Glocester,Providence,0,0,0.0,0.0,04/10/2020
North Smithfield,Providence,7,1,0.16666666666666674,5.690594260629217,04/10/2020
Exeter,Washington,8,3,0.6000000000000001,11.83256914657595,04/10/2020
Johnston,Providence,40,11,0.3793103448275863,13.717891560067219,04/10/2020
Little Compton,Newport,6,6,0.0,17.040613462084636,04/10/2020
North Kingstown,Washington,47,5,0.11904761904761907,17.954007181602872,04/10/2020
Smithfield,Providence,31,9,0.40909090909090917,14.344546758595161,04/10/2020
Newport,Newport,18,3,0.19999999999999996,7.274196807435845,04/10/2020
West Warwick,Kent,37,3,0.08823529411764697,12.887944547006166,04/10/2020
Warren,Bristol,7,1,0.16666666666666674,6.671749904689287,04/10/2020
Woonsocket,Providence,42,15,0.5555555555555556,10.11853136744724,04/10/2020
Coventry,Kent,48,6,0.1428571428571428,13.764230206750208,04/10/2020
Narragansett,Washington,10,0,0.0,6.409845522722902,04/10/2020
Cranston,Providence,136,24,0.2142857142857142,16.794477580607317,04/10/2020
Bristol,Bristol,14,0,0.0,6.272963527197777,04/10/2020
Portsmouth,Newport,14,2,0.16666666666666674,8.016950123117448,04/10/2020
Richmond,Washington,0,0,0.0,0.0,04/10/2020
Foster,Providence,7,7,0.0,14.92855619535082,04/10/2020
Central Falls,Providence,35,9,0.34615384615384626,18.045888115493685,04/10/2020
Tiverton,Newport,18,6,0.5,11.342155009451794,04/10/2020
Warwick,Kent,75,8,0.11940298507462677,9.234406166120811,04/10/2020
North Providence,Providence,127,29,0.29591836734693877,39.26418302674293,04/10/2020
Barrington,Bristol,18,1,0.05882352941176472,11.098779134295228,04/10/2020
Providence,Providence,504,159,0.4608695652173913,28.07658668924678,04/10/2020
Scituate,Providence,8,1,0.1428571428571428,7.598062494064013,04/10/2020
Hopkinton,Washington,0,0,0.0,0.0,04/10/2020
Lincoln,Providence,20,4,0.25,9.246417013407305,04/10/2020
Cumberland,Providence,52,12,0.30000000000000004,15.073337584787526,04/10/2020
Burrillville,Providence,24,2,0.09090909090909083,14.66723705921897,04/10/2020
West Greenwich,Kent,0,0,0.0,0.0,04/10/2020
South Kingstown,Washington,24,1,0.04347826086956519,7.814535035165408,04/10/2020
Westerly,Washington,19,2,0.11764705882352944,8.397418898612216,04/10/2020
Middletown,Newport,12,1,0.09090909090909083,7.453416149068323,04/10/2020
Richmond,Washington,0,0,0.0,0.0,04/14/2020
Smithfield,Providence,48,17,0.5483870967741935,22.21091111008283,04/14/2020
West Warwick,Kent,46,9,0.2432432432432432,16.022849977359016,04/14/2020
Coventry,Kent,55,7,0.14583333333333326,15.771513778567947,04/14/2020
Cranston,Providence,197,61,0.44852941176470584,24.32729473073266,04/14/2020
Newport,Newport,21,3,0.16666666666666674,8.486562942008486,04/14/2020
Cumberland,Providence,75,23,0.4423076923076923,21.7403907472897,04/14/2020
Burrillville,Providence,30,6,0.25,18.334046324023713,04/14/2020
Hopkinton,Washington,5,5,0.0,6.16370808678501,04/14/2020
Foster,Providence,7,0,0.0,14.92855619535082,04/14/2020
Scituate,Providence,12,4,0.5,11.39709374109602,04/14/2020
Narragansett,Washington,17,7,0.7,10.896737388628933,04/14/2020
Barrington,Bristol,22,4,0.22222222222222232,13.565174497471945,04/14/2020
Little Compton,Newport,7,1,0.16666666666666674,19.880715705765404,04/14/2020
Bristol,Bristol,20,6,0.4285714285714286,8.961376467425398,04/14/2020
Central Falls,Providence,76,41,1.1714285714285713,39.18535705078628,04/14/2020
Portsmouth,Newport,16,2,0.1428571428571428,9.162228712134226,04/14/2020
West Greenwich,Kent,6,6,0.0,9.807126511932005,04/14/2020
Johnston,Providence,53,13,0.32499999999999996,18.176206317089065,04/14/2020
Exeter,Washington,8,0,0.0,11.83256914657595,04/14/2020
Warwick,Kent,122,47,0.6266666666666667,15.021300696889853,04/14/2020
North Smithfield,Providence,8,1,0.1428571428571428,6.503536297861963,04/14/2020
East Providence,Providence,123,65,1.1206896551724137,25.935687928307853,04/14/2020
Westerly,Washington,23,4,0.21052631578947367,10.165296561477945,04/14/2020
Tiverton,Newport,26,8,0.4444444444444444,16.38311279143037,04/14/2020
Woonsocket,Providence,67,25,0.5952380952380953,16.141466705213453,04/14/2020
South Kingstown,Washington,38,14,0.5833333333333333,12.373013805678562,04/14/2020
Pawtucket,Providence,288,102,0.5483870967741935,40.12818726487391,04/14/2020
Warren,Bristol,7,0,0.0,6.671749904689287,04/14/2020
North Providence,Providence,180,53,0.4173228346456692,55.65002318750966,04/14/2020
Middletown,Newport,17,5,0.41666666666666674,10.559006211180126,04/14/2020
East Greenwich,Kent,15,7,0.875,11.455628532152131,04/14/2020
Jamestown,Newport,6,0,0.0,10.899182561307903,04/14/2020
Charlestown,Washington,5,0,0.0,6.441638752898738,04/14/2020
Providence,Providence,766,262,0.5198412698412698,42.67195516659332,04/14/2020
Lincoln,Providence,26,6,0.30000000000000004,12.020342117429497,04/14/2020
North Kingstown,Washington,54,7,0.14893617021276606,20.6280082512033,04/14/2020
New Shoreham,Washington,0,0,0.0,0.0,04/14/2020
Glocester,Providence,0,0,0.0,0.0,04/14/2020
Hopkinton,Washington,5,0,0.0,6.16370808678501,04/16/2020
Providence,Providence,973,207,0.2702349869451697,54.20341041396253,04/16/2020
Warren,Bristol,8,1,0.1428571428571428,7.624857033930613,04/16/2020
Woonsocket,Providence,84,17,0.25373134328358216,20.23706273489448,04/16/2020
Westerly,Washington,24,1,0.04347826086956519,10.607265977194379,04/16/2020
Central Falls,Providence,103,27,0.35526315789473695,53.10647073988141,04/16/2020
Glocester,Providence,0,0,0.0,0.0,04/16/2020
West Warwick,Kent,49,3,0.0652173913043479,17.0678184541433,04/16/2020
Jamestown,Newport,6,0,0.0,10.899182561307903,04/16/2020
Scituate,Providence,12,0,0.0,11.39709374109602,04/16/2020
Charlestown,Washington,5,0,0.0,6.441638752898738,04/16/2020
North Smithfield,Providence,12,4,0.5,9.755304446792943,04/16/2020
Tiverton,Newport,28,2,0.07692307692307687,17.643352236925015,04/16/2020
Burrillville,Providence,33,3,0.10000000000000009,20.167450956426084,04/16/2020
Little Compton,Newport,7,0,0.0,19.880715705765404,04/16/2020
Cumberland,Providence,96,21,0.28,27.827700156530813,04/16/2020
Middletown,Newport,19,2,0.11764705882352944,11.801242236024844,04/16/2020
North Kingstown,Washington,67,13,0.2407407407407407,25.594010237604095,04/16/2020
Barrington,Bristol,24,2,0.09090909090909083,14.798372179060303,04/16/2020
Lincoln,Providence,33,7,0.26923076923076916,15.256588072122053,04/16/2020
South Kingstown,Washington,39,1,0.026315789473684292,12.698619432143786,04/16/2020
Warwick,Kent,141,19,0.15573770491803285,17.360683592307122,04/16/2020
East Providence,Providence,159,36,0.29268292682926833,33.526620980495515,04/16/2020
East Greenwich,Kent,18,3,0.19999999999999996,13.746754238582557,04/16/2020
Richmond,Washington,6,6,0.0,7.886435331230284,04/16/2020
Pawtucket,Providence,347,59,0.20486111111111116,48.348892294830705,04/16/2020
New Shoreham,Washington,0,0,0.0,0.0,04/16/2020
Cranston,Providence,220,23,0.11675126903553301,27.167537262747132,04/16/2020
Portsmouth,Newport,16,0,0.0,9.162228712134226,04/16/2020
Smithfield,Providence,54,6,0.125,24.98727499884318,04/16/2020
Johnston,Providence,59,6,0.1132075471698113,20.233890051099145,04/16/2020
West Greenwich,Kent,7,1,0.16666666666666674,11.441647597254004,04/16/2020
Exeter,Washington,8,0,0.0,11.83256914657595,04/16/2020
Bristol,Bristol,24,4,0.19999999999999996,10.753651760910476,04/16/2020
Coventry,Kent,57,2,0.036363636363636376,16.34502337051587,04/16/2020
Newport,Newport,22,1,0.04761904761904767,8.890684986866033,04/16/2020
North Providence,Providence,209,29,0.1611111111111112,64.61586025660844,04/16/2020
Narragansett,Washington,17,0,0.0,10.896737388628933,04/16/2020
Foster,Providence,7,0,0.0,14.92855619535082,04/16/2020
North Providence,Providence,233,24,0.1148325358851674,72.0358633482764,04/17/2020
North Smithfield,Providence,13,1,0.08333333333333326,10.56824648402569,04/17/2020
Jamestown,Newport,6,0,0.0,10.899182561307903,04/17/2020
Little Compton,Newport,9,2,0.2857142857142858,25.560920193126954,04/17/2020
Middletown,Newport,19,0,0.0,11.801242236024844,04/17/2020
Lincoln,Providence,37,4,0.1212121212121211,17.105871474803514,04/17/2020
North Kingstown,Washington,68,1,0.014925373134328401,25.976010390404156,04/17/2020
Woonsocket,Providence,91,7,0.08333333333333326,21.92348462946902,04/17/2020
Westerly,Washington,26,2,0.08333333333333326,11.491204808627241,04/17/2020
East Greenwich,Kent,20,2,0.11111111111111116,15.274171376202842,04/17/2020
Johnston,Providence,69,10,0.1694915254237288,23.66336294111595,04/17/2020
Pawtucket,Providence,380,33,0.09510086455331401,52.94691375226417,04/17/2020
Newport,Newport,22,0,0.0,8.890684986866033,04/17/2020
Portsmouth,Newport,18,2,0.125,10.307507301151006,04/17/2020
Charlestown,Washington,6,1,0.19999999999999996,7.729966503478485,04/17/2020
Richmond,Washington,6,0,0.0,7.886435331230284,04/17/2020
Bristol,Bristol,25,1,0.04166666666666674,11.201720584281746,04/17/2020
Cumberland,Providence,110,14,0.14583333333333326,31.885906429358226,04/17/2020
Burrillville,Providence,33,0,0.0,20.167450956426084,04/17/2020
West Greenwich,Kent,7,0,0.0,11.441647597254004,04/17/2020
Foster,Providence,7,0,0.0,14.92855619535082,04/17/2020
Tiverton,Newport,29,1,0.03571428571428581,18.27347195967234,04/17/2020
Glocester,Providence,5,5,0.0,5.003502451716201,04/17/2020
Cranston,Providence,245,25,0.11363636363636354,30.254757406241126,04/17/2020
South Kingstown,Washington,42,3,0.07692307692307687,13.675436311539464,04/17/2020
Narragansett,Washington,19,2,0.11764705882352944,12.178706493173515,04/17/2020
Warwick,Kent,154,13,0.09219858156028371,18.961313994434732,04/17/2020
West Warwick,Kent,56,7,0.1428571428571428,19.506078233306628,04/17/2020
Coventry,Kent,62,5,0.08771929824561409,17.778797350385684,04/17/2020
Central Falls,Providence,129,26,0.2524271844660195,66.51198762567672,04/17/2020
Warren,Bristol,9,1,0.125,8.57796416317194,04/17/2020
Exeter,Washington,11,3,0.375,16.26978257654193,04/17/2020
New Shoreham,Washington,0,0,0.0,0.0,04/17/2020
Smithfield,Providence,56,2,0.03703703703703698,25.912729628429968,04/17/2020
Providence,Providence,1093,120,0.12332990750256934,60.888312006640334,04/17/2020
Scituate,Providence,14,2,0.16666666666666674,13.296609364612022,04/17/2020
Hopkinton,Washington,5,0,0.0,6.16370808678501,04/17/2020
East Providence,Providence,188,29,0.1823899371069182,39.64153927253558,04/17/2020
Barrington,Bristol,23,-1,-0.04166666666666663,14.181773338266124,04/17/2020
East Greenwich,Kent,20,0,0.0,15.274171376202842,04/18/2020
East Providence,Providence,224,36,0.1914893617021276,47.232472324723254,04/18/2020
South Kingstown,Washington,43,1,0.023809523809523725,14.001041938004688,04/18/2020
Barrington,Bristol,24,1,0.04347826086956519,14.798372179060303,04/18/2020
Lincoln,Providence,41,4,0.10810810810810811,18.955154877484972,04/18/2020
Hopkinton,Washington,5,0,0.0,6.16370808678501,04/18/2020
Middletown,Newport,18,-1,-0.052631578947368474,11.180124223602483,04/18/2020
North Smithfield,Providence,14,1,0.07692307692307687,11.381188521258434,04/18/2020
Pawtucket,Providence,415,35,0.09210526315789469,57.82360317681482,04/18/2020
Burrillville,Providence,36,3,0.09090909090909083,22.000855588828454,04/18/2020
Cranston,Providence,271,26,0.10612244897959178,33.465466355474874,04/18/2020
Warwick,Kent,161,7,0.045454545454545414,19.823191903272672,04/18/2020
Little Compton,Newport,9,0,0.0,25.560920193126954,04/18/2020
Tiverton,Newport,29,0,0.0,18.27347195967234,04/18/2020
Coventry,Kent,67,5,0.08064516129032251,19.212571330255496,04/18/2020
Warren,Bristol,9,0,0.0,8.57796416317194,04/18/2020
Central Falls,Providence,134,5,0.03875968992248069,69.08997164217581,04/18/2020
Woonsocket,Providence,124,33,0.3626373626373627,29.87375927532042,04/18/2020
North Kingstown,Washington,69,1,0.014705882352941124,26.358010543204216,04/18/2020
North Providence,Providence,253,20,0.0858369098712446,78.21919925799969,04/18/2020
New Shoreham,Washington,0,0,0.0,0.0,04/18/2020
Cumberland,Providence,117,7,0.06363636363636371,33.91500956577193,04/18/2020
Smithfield,Providence,60,4,0.0714285714285714,27.763638887603534,04/18/2020
Bristol,Bristol,26,1,0.040000000000000036,11.649789407653016,04/18/2020
Charlestown,Washington,6,0,0.0,7.729966503478485,04/18/2020
Narragansett,Washington,18,-1,-0.052631578947368474,11.537721940901225,04/18/2020
Glocester,Providence,8,3,0.6000000000000001,8.005603922745923,04/18/2020
Newport,Newport,22,0,0.0,8.890684986866033,04/18/2020
West Greenwich,Kent,9,2,0.2857142857142858,14.710689767898005,04/18/2020
West Warwick,Kent,59,3,0.0535714285714286,20.55104671009091,04/18/2020
Richmond,Washington,6,0,0.0,7.886435331230284,04/18/2020
Westerly,Washington,26,0,0.0,11.491204808627241,04/18/2020
Foster,Providence,8,1,0.1428571428571428,17.061207080400937,04/18/2020
Jamestown,Newport,6,0,0.0,10.899182561307903,04/18/2020
Portsmouth,Newport,19,1,0.05555555555555558,10.880146595659394,04/18/2020
Providence,Providence,1220,127,0.11619396157365047,67.96316619222435,04/18/2020
Scituate,Providence,15,1,0.0714285714285714,14.246367176370025,04/18/2020
Johnston,Providence,74,5,0.07246376811594213,25.378099386124354,04/18/2020
Exeter,Washington,11,0,0.0,16.26978257654193,04/18/2020
Burrillville,Providence,36,0,0.0,22.000855588828454,04/19/2020
Woonsocket,Providence,153,29,0.2338709677419355,36.86036426712923,04/19/2020
Cranston,Providence,294,23,0.08487084870848705,36.305708887489345,04/19/2020
Central Falls,Providence,147,13,0.09701492537313428,75.79273008507347,04/19/2020
Providence,Providence,1317,97,0.07950819672131137,73.3667949796389,04/19/2020
Charlestown,Washington,6,0,0.0,7.729966503478485,04/19/2020
West Warwick,Kent,65,6,0.10169491525423724,22.64098366365948,04/19/2020
Warren,Bristol,11,2,0.22222222222222232,10.484178421654594,04/19/2020
Little Compton,Newport,9,0,0.0,25.560920193126954,04/19/2020
Newport,Newport,23,1,0.045454545454545414,9.29480703172358,04/19/2020
Scituate,Providence,15,0,0.0,14.246367176370025,04/19/2020
Portsmouth,Newport,19,0,0.0,10.880146595659394,04/19/2020
Tiverton,Newport,30,1,0.034482758620689724,18.90359168241966,04/19/2020
Coventry,Kent,70,3,0.04477611940298498,20.072835718177384,04/19/2020
Warwick,Kent,177,16,0.0993788819875776,21.793198552045112,04/19/2020
Glocester,Providence,8,0,0.0,8.005603922745923,04/19/2020
Smithfield,Providence,90,30,0.5,41.6454583314053,04/19/2020
Richmond,Washington,6,0,0.0,7.886435331230284,04/19/2020
Johnston,Providence,83,9,0.12162162162162171,28.46462498713948,04/19/2020
North Providence,Providence,286,33,0.13043478260869557,88.42170350904313,04/19/2020
Pawtucket,Providence,445,30,0.07228915662650603,62.00362268357252,04/19/2020
Foster,Providence,8,0,0.0,17.061207080400937,04/19/2020
Hopkinton,Washington,5,0,0.0,6.16370808678501,04/19/2020
New Shoreham,Washington,0,0,0.0,0.0,04/19/2020
East Providence,Providence,231,7,0.03125,48.708487084870846,04/19/2020
Exeter,Washington,11,0,0.0,16.26978257654193,04/19/2020
Westerly,Washington,26,0,0.0,11.491204808627241,04/19/2020
Jamestown,Newport,6,0,0.0,10.899182561307903,04/19/2020
East Greenwich,Kent,20,0,0.0,15.274171376202842,04/19/2020
Barrington,Bristol,26,2,0.08333333333333326,16.031569860648663,04/19/2020
West Greenwich,Kent,9,0,0.0,14.710689767898005,04/19/2020
Lincoln,Providence,42,1,0.024390243902439046,19.41747572815534,04/19/2020
Middletown,Newport,18,0,0.0,11.180124223602483,04/19/2020
North Kingstown,Washington,72,3,0.04347826086956519,27.504011001604404,04/19/2020
Narragansett,Washington,18,0,0.0,11.537721940901225,04/19/2020
Cumberland,Providence,123,6,0.05128205128205132,35.65424082555511,04/19/2020
Bristol,Bristol,28,2,0.07692307692307687,12.545927054395554,04/19/2020
South Kingstown,Washington,44,1,0.023255813953488413,14.326647564469914,04/19/2020
North Smithfield,Providence,14,0,0.0,11.381188521258434,04/19/2020
Middletown,Newport,19,1,0.05555555555555558,11.801242236024844,04/20/2020
Barrington,Bristol,25,-1,-0.038461538461538436,15.414971019854482,04/20/2020
Foster,Providence,8,0,0.0,17.061207080400937,04/20/2020
Charlestown,Washington,7,1,0.16666666666666674,9.018294254058233,04/20/2020
Woonsocket,Providence,158,5,0.03267973856209161,38.06495133468247,04/20/2020
Bristol,Bristol,31,3,0.1071428571428572,13.890133524509364,04/20/2020
West Warwick,Kent,73,8,0.12307692307692308,25.42756626841757,04/20/2020
East Greenwich,Kent,22,2,0.10000000000000009,16.801588513823123,04/20/2020
Glocester,Providence,8,0,0.0,8.005603922745923,04/20/2020
Narragansett,Washington,18,0,0.0,11.537721940901225,04/20/2020
Warren,Bristol,11,0,0.0,10.484178421654594,04/20/2020
Richmond,Washington,6,0,0.0,7.886435331230284,04/20/2020
Providence,Providence,1399,82,0.062262718299164854,77.93481106796874,04/20/2020
Burrillville,Providence,42,6,0.16666666666666674,25.667664853633198,04/20/2020
Exeter,Washington,11,0,0.0,16.26978257654193,04/20/2020
West Greenwich,Kent,9,0,0.0,14.710689767898005,04/20/2020
Smithfield,Providence,96,6,0.06666666666666665,44.42182222016566,04/20/2020
New Shoreham,Washington,0,0,0.0,0.0,04/20/2020
North Providence,Providence,301,15,0.0524475524475525,93.05920544133559,04/20/2020
Warwick,Kent,187,10,0.05649717514124286,23.02445270752789,04/20/2020
Cumberland,Providence,125,2,0.016260162601626105,36.23398457881616,04/20/2020
East Providence,Providence,246,15,0.06493506493506485,51.87137585661571,04/20/2020
Hopkinton,Washington,5,0,0.0,6.16370808678501,04/20/2020
Scituate,Providence,15,0,0.0,14.246367176370025,04/20/2020
North Kingstown,Washington,75,3,0.04166666666666674,28.650011460004585,04/20/2020
Little Compton,Newport,9,0,0.0,25.560920193126954,04/20/2020
North Smithfield,Providence,22,8,0.5714285714285714,17.884724819120397,04/20/2020
Coventry,Kent,75,5,0.0714285714285714,21.5066096980472,04/20/2020
Central Falls,Providence,169,22,0.14965986394557818,87.13585975766951,04/20/2020
Lincoln,Providence,44,2,0.04761904761904767,20.34211742949607,04/20/2020
Cranston,Providence,309,15,0.05102040816326525,38.15804097358575,04/20/2020
Westerly,Washington,30,4,0.15384615384615374,13.259082471492974,04/20/2020
Newport,Newport,23,0,0.0,9.29480703172358,04/20/2020
Johnston,Providence,85,2,0.024096385542168752,29.150519565142837,04/20/2020
Tiverton,Newport,31,1,0.03333333333333344,19.533711405166983,04/20/2020
Jamestown,Newport,6,0,0.0,10.899182561307903,04/20/2020
Portsmouth,Newport,19,0,0.0,10.880146595659394,04/20/2020
Pawtucket,Providence,464,19,0.04269662921348316,64.65096837118573,04/20/2020
South Kingstown,Washington,46,2,0.045454545454545414,14.977858817400364,04/20/2020
Burrillville,Providence,43,1,0.023809523809523725,26.27879973110065,04/21/2020
Charlestown,Washington,7,0,0.0,9.018294254058233,04/21/2020
North Providence,Providence,314,13,0.04318936877076407,97.07837378265573,04/21/2020
New Shoreham,Washington,0,0,0.0,0.0,04/21/2020
West Greenwich,Kent,9,0,0.0,14.710689767898005,04/21/2020
Narragansett,Washington,20,2,0.11111111111111116,12.819691045445804,04/21/2020
Scituate,Providence,16,1,0.06666666666666665,15.196124988128027,04/21/2020
West Warwick,Kent,77,4,0.0547945205479452,26.820857570796615,04/21/2020
Newport,Newport,23,0,0.0,9.29480703172358,04/21/2020
Westerly,Washington,30,0,0.0,13.259082471492974,04/21/2020
North Kingstown,Washington,81,6,0.08000000000000007,30.94201237680495,04/21/2020
Warwick,Kent,195,8,0.04278074866310155,24.009456031914105,04/21/2020
Central Falls,Providence,183,14,0.08284023668639051,94.35421500386697,04/21/2020
South Kingstown,Washington,48,2,0.04347826086956519,15.629070070330815,04/21/2020
Coventry,Kent,81,6,0.08000000000000007,23.227138473890975,04/21/2020
Little Compton,Newport,9,0,0.0,25.560920193126954,04/21/2020
North Smithfield,Providence,23,1,0.045454545454545414,18.69766685635314,04/21/2020
Lincoln,Providence,45,1,0.022727272727272707,20.804438280166433,04/21/2020
Middletown,Newport,20,1,0.05263157894736836,12.422360248447205,04/21/2020
Pawtucket,Providence,496,32,0.06896551724137923,69.10965584506062,04/21/2020
Johnston,Providence,93,8,0.09411764705882364,31.894097877156284,04/21/2020
Jamestown,Newport,7,1,0.16666666666666674,12.715712988192552,04/21/2020
Portsmouth,Newport,19,0,0.0,10.880146595659394,04/21/2020
Hopkinton,Washington,5,0,0.0,6.16370808678501,04/21/2020
Providence,Providence,1524,125,0.08934953538241608,84.8982502270081,04/21/2020
Warren,Bristol,12,1,0.09090909090909083,11.43728555089592,04/21/2020
Glocester,Providence,10,2,0.25,10.007004903432401,04/21/2020
Richmond,Washington,6,0,0.0,7.886435331230284,04/21/2020
Exeter,Washington,12,1,0.09090909090909083,17.748853719863927,04/21/2020
Woonsocket,Providence,161,3,0.018987341772152,38.787703575214415,04/21/2020
Foster,Providence,9,1,0.125,19.193857965451055,04/21/2020
Smithfield,Providence,99,3,0.03125,45.81000416454584,04/21/2020
East Providence,Providence,251,5,0.020325203252032464,52.925672113863996,04/21/2020
Barrington,Bristol,24,-1,-0.040000000000000036,14.798372179060303,04/21/2020
Cumberland,Providence,129,4,0.03200000000000003,37.39347208533828,04/21/2020
Cranston,Providence,331,22,0.07119741100323629,40.87479469986045,04/21/2020
Tiverton,Newport,32,1,0.032258064516129004,20.163831127914303,04/21/2020
Bristol,Bristol,32,1,0.032258064516129004,14.338202347880635,04/21/2020
East Greenwich,Kent,24,2,0.09090909090909083,18.32900565144341,04/21/2020
