zip_code,count,date,change,change_%,population,rate_per_10k
2909,580,04/24/2020,0,0.0,43540,133.210840606339
2892,18,04/24/2020,0,0.0,4988,36.086607858861264
2907,359,04/24/2020,0,0.0,27445,130.8070686828202
2857,14,04/24/2020,0,0.0,8412,16.642891107941036
2904,370,04/24/2020,0,0.0,29359,126.02609080690759
2908,394,04/24/2020,0,0.0,37467,105.15920676862305
2830,12,04/24/2020,0,0.0,5976,20.08032128514056
2842,20,04/24/2020,0,0.0,16095,12.426219322771047
2816,86,04/24/2020,0,0.0,32611,26.37146974947104
2814,11,04/24/2020,0,0.0,7496,14.674493062966915
2911,84,04/24/2020,0,0.0,15574,53.93604725825093
2860,453,04/24/2020,0,0.0,45199,100.22345627115644
2822,10,04/24/2020,0,0.0,6111,16.363933889707084
2863,255,04/24/2020,0,0.0,19385,131.54500902759867
2882,22,04/24/2020,0,0.0,14184,15.51043429216018
2885,24,04/24/2020,0,0.0,10627,22.583984191211066
2806,26,04/24/2020,0,0.0,16310,15.941140404659716
2817,9,04/24/2020,0,0.0,6135,14.66992665036675
2891,27,04/24/2020,0,0.0,21198,12.737050665157089
2840,27,04/24/2020,0,0.0,23335,11.57060209985001
2825,8,04/24/2020,0,0.0,5377,14.878184861446904
2914,81,04/24/2020,0,0.0,21963,36.88020762190958
2859,29,04/24/2020,0,0.0,6738,43.03947758978926
2881,5,04/24/2020,0,0.0,7841,6.376737661012625
2818,30,04/24/2020,0,0.0,18082,16.591085056962726
2835,7,04/24/2020,0,0.0,5405,12.950971322849213
2878,35,04/24/2020,0,0.0,15780,22.17997465145754
2831,10,04/24/2020,0,0.0,3515,28.449502133712663
2905,229,04/24/2020,0,0.0,25223,90.79015184553779
2837,9,04/24/2020,0,0.0,3492,25.77319587628866
2920,207,04/24/2020,0,0.0,37547,55.13090260207208
2833,0,04/24/2020,0,0.0,784,0.0
2826,0,04/24/2020,0,0.0,791,0.0
2815,0,04/24/2020,0,0.0,278,0.0
2804,0,04/24/2020,0,0.0,2607,0.0
2812,0,04/24/2020,0,0.0,1497,0.0
2841,0,04/24/2020,0,0.0,1392,0.0
2894,0,04/24/2020,0,0.0,722,0.0
2871,20,04/24/2020,0,0.0,17171,11.647545279832276
2872,0,04/24/2020,0,0.0,218,0.0
2874,5,04/24/2020,0,0.0,5860,8.532423208191126
2896,22,04/24/2020,0,0.0,11537,19.069082083730606
2873,0,04/24/2020,0,0.0,235,0.0
2889,91,04/24/2020,0,0.0,28217,32.25006201935004
2893,95,04/24/2020,0,0.0,29630,32.0620992237597
2875,0,04/24/2020,0,0.0,307,0.0
2852,103,04/24/2020,0,0.0,22551,45.67424947895881
2910,116,04/24/2020,0,0.0,21000,55.238095238095234
2912,0,04/24/2020,0,0.0,1370,0.0
2919,118,04/24/2020,0,0.0,28790,40.986453629732544
2861,135,04/24/2020,0,0.0,26164,51.597615043571324
2807,0,04/24/2020,0,0.0,1051,0.0
2864,140,04/24/2020,0,0.0,33396,41.921188166247454
2802,0,04/24/2020,0,0.0,786,0.0
2915,172,04/24/2020,0,0.0,16897,101.79321773095816
2895,179,04/24/2020,0,0.0,41186,43.46137036857185
2921,19,04/24/2020,0,0.0,12361,15.370924682469056
2906,183,04/24/2020,0,0.0,28387,64.46612886180294
2916,29,04/24/2020,0,0.0,8139,35.63091288856125
2898,7,04/24/2020,0,0.0,1696,41.27358490566038
2827,0,04/24/2020,0,0.0,2172,0.0
2813,6,04/24/2020,0,0.0,7831,7.661856723279274
2832,6,04/24/2020,0,0.0,4608,13.020833333333332
2808,6,04/24/2020,0,0.0,2401,24.989587671803417
2839,5,04/24/2020,0,0.0,1902,26.288117770767613
2865,45,04/24/2020,0,0.0,16951,26.54710636540617
2879,44,04/24/2020,0,0.0,20371,21.599332384271758
2888,49,04/24/2020,0,0.0,19912,24.60827641623142
2886,74,04/24/2020,0,0.0,29269,25.28272233421026
2809,47,04/24/2020,0,0.0,22938,20.49001656639637
2828,77,04/24/2020,0,0.0,7704,99.94807892004154
2917,42,04/24/2020,0,0.0,13762,30.51881993896236
2838,6,04/24/2020,0,0.0,3400,17.647058823529413
2903,40,04/24/2020,0,0.0,10780,37.10575139146568
2895,291,05/01/2020,112,0.6256983240223464,41186,70.6550769679017
2906,218,05/01/2020,35,0.1912568306010929,28387,76.795716349033
2886,95,05/01/2020,21,0.28378378378378377,29269,32.45754894256722
2920,273,05/01/2020,66,0.318840579710145,37547,72.70887154766027
2837,9,05/01/2020,0,0.0,3492,25.77319587628866
2915,194,05/01/2020,22,0.12790697674418605,16897,114.8132804639877
2828,104,05/01/2020,27,0.35064935064935066,7704,134.99480789200413
2921,28,05/01/2020,9,0.4736842105263157,12361,22.65188900574387
2905,306,05/01/2020,77,0.33624454148471616,25223,121.31784482416842
2892,19,05/01/2020,1,0.05555555555555558,4988,38.09141940657578
2863,429,05/01/2020,174,0.6823529411764706,19385,221.30513283466598
2907,527,05/01/2020,168,0.46796657381615603,27445,192.02040444525414
2857,15,05/01/2020,1,0.0714285714285714,8412,17.83166904422254
2888,69,05/01/2020,20,0.40816326530612246,19912,34.65247087183608
2904,518,05/01/2020,148,0.3999999999999999,29359,176.43652712967062
2908,668,05/01/2020,274,0.6954314720812182,37467,178.2902287346198
2830,14,05/01/2020,2,0.16666666666666674,5976,23.427041499330656
2827,5,05/01/2020,5,0.0,2172,23.02025782688766
2809,69,05/01/2020,22,0.46808510638297873,22938,30.081088150667014
2816,97,05/01/2020,11,0.12790697674418605,32611,29.744564717426634
2832,9,05/01/2020,3,0.5,4608,19.53125
2802,0,05/01/2020,0,0.0,786,0.0
2898,10,05/01/2020,3,0.4285714285714286,1696,58.9622641509434
2861,197,05/01/2020,62,0.45925925925925926,26164,75.2942975080263
2833,0,05/01/2020,0,0.0,784,0.0
2909,868,05/01/2020,288,0.49655172413793114,43540,199.35691318327974
2826,0,05/01/2020,0,0.0,791,0.0
2815,0,05/01/2020,0,0.0,278,0.0
2804,0,05/01/2020,0,0.0,2607,0.0
2836,0,05/01/2020,0,0.0,136,0.0
2812,5,05/01/2020,5,0.0,1497,33.4001336005344
2894,0,05/01/2020,0,0.0,722,0.0
2841,0,05/01/2020,0,0.0,1392,0.0
2858,0,05/01/2020,0,0.0,570,0.0
2871,22,05/01/2020,2,0.10000000000000009,17171,12.812299807815503
2872,0,05/01/2020,0,0.0,218,0.0
2874,5,05/01/2020,0,0.0,5860,8.532423208191126
2839,6,05/01/2020,1,0.19999999999999996,1902,31.545741324921135
2896,35,05/01/2020,13,0.5909090909090908,11537,30.337176042298694
2873,0,05/01/2020,0,0.0,235,0.0
2889,142,05/01/2020,51,0.5604395604395604,28217,50.324272601623136
2876,0,05/01/2020,0,0.0,430,0.0
2893,143,05/01/2020,48,0.5052631578947369,29630,48.26189672629092
2875,0,05/01/2020,0,0.0,307,0.0
2852,125,05/01/2020,22,0.21359223300970864,22551,55.42991441621214
2903,61,05/01/2020,21,0.5249999999999999,10780,56.586270871985164
2910,142,05/01/2020,26,0.22413793103448265,21000,67.61904761904762
2912,0,05/01/2020,0,0.0,1370,0.0
2919,156,05/01/2020,38,0.3220338983050848,28790,54.18548106981591
2807,0,05/01/2020,0,0.0,1051,0.0
2814,17,05/01/2020,6,0.5454545454545454,7496,22.678762006403414
2864,184,05/01/2020,44,0.3142857142857143,33396,55.09641873278237
2838,7,05/01/2020,1,0.16666666666666674,3400,20.58823529411765
2842,27,05/01/2020,7,0.3500000000000001,16095,16.775396085740912
2818,43,05/01/2020,13,0.43333333333333335,18082,23.780555248313238
2878,49,05/01/2020,14,0.3999999999999999,15780,31.051964512040556
2891,35,05/01/2020,8,0.2962962962962963,21198,16.510991602981413
2806,33,05/01/2020,7,0.26923076923076916,16310,20.23298589822195
2885,33,05/01/2020,9,0.375,10627,31.052978262915218
2840,35,05/01/2020,8,0.2962962962962963,23335,14.998928647953717
2865,80,05/01/2020,35,0.7777777777777777,16951,47.19485576072208
2813,12,05/01/2020,6,1.0,7831,15.323713446558548
2825,10,05/01/2020,2,0.25,5377,18.597731076808632
2831,10,05/01/2020,0,0.0,3515,28.449502133712663
2808,12,05/01/2020,6,1.0,2401,49.97917534360683
2835,8,05/01/2020,1,0.1428571428571428,5405,14.801110083256244
2817,14,05/01/2020,5,0.5555555555555556,6135,22.819885900570497
2914,128,05/01/2020,47,0.5802469135802468,21963,58.2798342667213
2882,28,05/01/2020,6,0.2727272727272727,14184,19.740552735476594
2916,34,05/01/2020,5,0.17241379310344818,8139,41.77417373141664
2917,59,05/01/2020,17,0.40476190476190466,13762,42.87167562854236
2859,48,05/01/2020,19,0.6551724137931034,6738,71.23775601068566
2881,0,05/01/2020,-5,-1.0,7841,0.0
2879,55,05/01/2020,11,0.25,20371,26.9991654803397
2911,114,05/01/2020,30,0.3571428571428572,15574,73.19892127905484
2822,21,05/01/2020,11,1.1,6111,34.36426116838488
2860,643,05/01/2020,190,0.41942604856512133,45199,142.2597845085068
2873,0,05/02/2020,0,0.0,235,0.0
2917,60,05/02/2020,1,0.016949152542372836,13762,43.59831419851766
2896,38,05/02/2020,3,0.08571428571428563,11537,32.93750541735287
2861,211,05/02/2020,14,0.07106598984771573,26164,80.64516129032258
2894,0,05/02/2020,0,0.0,722,0.0
2838,7,05/02/2020,0,0.0,3400,20.58823529411765
2871,22,05/02/2020,0,0.0,17171,12.812299807815503
2891,36,05/02/2020,1,0.02857142857142847,21198,16.982734220209455
2802,0,05/02/2020,0,0.0,786,0.0
2828,106,05/02/2020,2,0.019230769230769162,7704,137.5908618899273
2818,46,05/02/2020,3,0.06976744186046502,18082,25.439663754009512
2879,56,05/02/2020,1,0.018181818181818077,20371,27.490059398164057
2915,195,05/02/2020,1,0.005154639175257714,16897,115.40510149730721
2812,5,05/02/2020,0,0.0,1497,33.4001336005344
2859,48,05/02/2020,0,0.0,6738,71.23775601068566
2864,191,05/02/2020,7,0.03804347826086962,33396,57.192478141094746
2807,0,05/02/2020,0,0.0,1051,0.0
2872,0,05/02/2020,0,0.0,218,0.0
2893,148,05/02/2020,5,0.034965034965035,29630,49.94937563280459
2835,8,05/02/2020,0,0.0,5405,14.801110083256244
2903,65,05/02/2020,4,0.06557377049180335,10780,60.29684601113173
2875,0,05/02/2020,0,0.0,307,0.0
2914,138,05/02/2020,10,0.078125,21963,62.83294631880891
2852,127,05/02/2020,2,0.016000000000000014,22551,56.31679304687154
2808,12,05/02/2020,0,0.0,2401,49.97917534360683
2912,0,05/02/2020,0,0.0,1370,0.0
2881,0,05/02/2020,0,0.0,7841,0.0
2910,147,05/02/2020,5,0.035211267605633756,21000,70.0
2841,0,05/02/2020,0,0.0,1392,0.0
2889,155,05/02/2020,13,0.09154929577464799,28217,54.93142431867314
2919,158,05/02/2020,2,0.012820512820512775,28790,54.880166724557135
2858,0,05/02/2020,0,0.0,570,0.0
2876,0,05/02/2020,0,0.0,430,0.0
2839,8,05/02/2020,2,0.33333333333333326,1902,42.06098843322818
2840,36,05/02/2020,1,0.02857142857142847,23335,15.427469466466682
2825,10,05/02/2020,0,0.0,5377,18.597731076808632
2921,30,05/02/2020,2,0.0714285714285714,12361,24.26988107758272
2826,0,05/02/2020,0,0.0,791,0.0
2857,16,05/02/2020,1,0.06666666666666665,8412,19.020446980504044
2888,71,05/02/2020,2,0.02898550724637672,19912,35.656890317396545
2909,913,05/02/2020,45,0.05184331797235031,43540,209.6922370234267
2904,530,05/02/2020,12,0.02316602316602312,29359,180.52385980448923
2860,669,05/02/2020,26,0.04043545878693622,45199,148.012124162039
2908,696,05/02/2020,28,0.041916167664670656,37467,185.7634718552326
2830,14,05/02/2020,0,0.0,5976,23.427041499330656
2916,34,05/02/2020,0,0.0,8139,41.77417373141664
2898,10,05/02/2020,0,0.0,1696,58.9622641509434
2809,69,05/02/2020,0,0.0,22938,30.081088150667014
2822,21,05/02/2020,0,0.0,6111,34.36426116838488
2842,27,05/02/2020,0,0.0,16095,16.775396085740912
2833,0,05/02/2020,0,0.0,784,0.0
2813,12,05/02/2020,0,0.0,7831,15.323713446558548
2827,5,05/02/2020,0,0.0,2172,23.02025782688766
2814,17,05/02/2020,0,0.0,7496,22.678762006403414
2911,118,05/02/2020,4,0.03508771929824572,15574,75.76730448182869
2816,98,05/02/2020,1,0.010309278350515427,32611,30.051209714513508
2907,545,05/02/2020,18,0.034155597722960174,27445,198.57897613408636
2874,5,05/02/2020,0,0.0,5860,8.532423208191126
2882,28,05/02/2020,0,0.0,14184,19.740552735476594
2885,35,05/02/2020,2,0.06060606060606055,10627,32.93497694551614
2817,13,05/02/2020,-1,-0.0714285714285714,6135,21.189894050529745
2886,107,05/02/2020,12,0.12631578947368416,29269,36.55744986162834
2806,33,05/02/2020,0,0.0,16310,20.23298589822195
2906,221,05/02/2020,3,0.013761467889908285,28387,77.85253813365273
2815,0,05/02/2020,0,0.0,278,0.0
2836,0,05/02/2020,0,0.0,136,0.0
2837,9,05/02/2020,0,0.0,3492,25.77319587628866
2920,280,05/02/2020,7,0.02564102564102555,37547,74.57320158734386
2878,49,05/02/2020,0,0.0,15780,31.051964512040556
2865,80,05/02/2020,0,0.0,16951,47.19485576072208
2895,303,05/02/2020,12,0.04123711340206193,41186,73.56868838925848
2905,317,05/02/2020,11,0.03594771241830075,25223,125.67894382111564
2804,0,05/02/2020,0,0.0,2607,0.0
2892,21,05/02/2020,2,0.10526315789473695,4988,42.10104250200481
2831,10,05/02/2020,0,0.0,3515,28.449502133712663
2832,9,05/02/2020,0,0.0,4608,19.53125
2863,449,05/02/2020,20,0.046620046620046596,19385,231.62238844467373
2827,5,05/03/2020,0,0.0,2172,23.02025782688766
2876,0,05/03/2020,0,0.0,430,0.0
2812,5,05/03/2020,0,0.0,1497,33.4001336005344
2841,0,05/03/2020,0,0.0,1392,0.0
2815,0,05/03/2020,0,0.0,278,0.0
2858,0,05/03/2020,0,0.0,570,0.0
2818,46,05/03/2020,0,0.0,18082,25.439663754009512
2871,22,05/03/2020,0,0.0,17171,12.812299807815503
2836,0,05/03/2020,0,0.0,136,0.0
2878,49,05/03/2020,0,0.0,15780,31.051964512040556
2826,0,05/03/2020,0,0.0,791,0.0
2816,99,05/03/2020,1,0.010204081632652962,32611,30.357854711600382
2874,5,05/03/2020,0,0.0,5860,8.532423208191126
2885,36,05/03/2020,1,0.02857142857142847,10627,33.8759762868166
2916,35,05/03/2020,1,0.02941176470588225,8139,43.00282589998771
2905,328,05/03/2020,11,0.034700315457413256,25223,130.0400428180629
2882,28,05/03/2020,0,0.0,14184,19.740552735476594
2863,467,05/03/2020,18,0.04008908685968815,19385,240.90791849368068
2888,74,05/03/2020,3,0.04225352112676051,19912,37.16351948573725
2906,220,05/03/2020,-1,-0.004524886877828038,28387,77.50026420544616
2907,565,05/03/2020,20,0.03669724770642202,27445,205.8662780105666
2860,685,05/03/2020,16,0.02391629297458886,45199,151.55202548728954
2904,541,05/03/2020,11,0.020754716981132182,29359,184.270581423073
2809,76,05/03/2020,7,0.10144927536231885,22938,33.13279274566222
2908,716,05/03/2020,20,0.028735632183908066,37467,191.10150265567032
2842,28,05/03/2020,1,0.03703703703703698,16095,17.396707051879464
2911,124,05/03/2020,6,0.05084745762711873,15574,79.61987928598946
2865,82,05/03/2020,2,0.02499999999999991,16951,48.37472715474013
2895,313,05/03/2020,10,0.03300330033003296,41186,75.9966979070558
2886,112,05/03/2020,5,0.04672897196261672,29269,38.26574191123714
2879,58,05/03/2020,2,0.03571428571428581,20371,28.47184723381277
2859,48,05/03/2020,0,0.0,6738,71.23775601068566
2896,41,05/03/2020,3,0.07894736842105265,11537,35.53783479240704
2889,164,05/03/2020,9,0.058064516129032295,28217,58.12099089201545
2914,152,05/03/2020,14,0.10144927536231885,21963,69.20730319173155
2903,68,05/03/2020,3,0.04615384615384621,10780,63.079777365491644
2893,151,05/03/2020,3,0.020270270270270174,29630,50.961862976712794
2840,37,05/03/2020,1,0.02777777777777768,23335,15.856010284979645
2910,150,05/03/2020,3,0.020408163265306145,21000,71.42857142857143
2828,109,05/03/2020,3,0.028301886792452935,7704,141.48494288681206
2919,163,05/03/2020,5,0.03164556962025311,28790,56.61688086141021
2891,36,05/03/2020,0,0.0,21198,16.982734220209455
2861,218,05/03/2020,7,0.033175355450236976,26164,83.32059318147073
2864,195,05/03/2020,4,0.020942408376963373,33396,58.3902263744161
2806,33,05/03/2020,0,0.0,16310,20.23298589822195
2915,199,05/03/2020,4,0.02051282051282044,16897,117.7723856305853
2917,61,05/03/2020,1,0.016666666666666607,13762,44.32495276849295
2920,288,05/03/2020,8,0.02857142857142847,37547,76.7038644898394
2852,129,05/03/2020,2,0.015748031496062964,22551,57.203671677530934
2898,10,05/03/2020,0,0.0,1696,58.9622641509434
2832,9,05/03/2020,0,0.0,4608,19.53125
2894,0,05/03/2020,0,0.0,722,0.0
2921,30,05/03/2020,0,0.0,12361,24.26988107758272
2857,16,05/03/2020,0,0.0,8412,19.020446980504044
2837,9,05/03/2020,0,0.0,3492,25.77319587628866
2830,14,05/03/2020,0,0.0,5976,23.427041499330656
2831,11,05/03/2020,1,0.10000000000000009,3515,31.294452347083926
2813,13,05/03/2020,1,0.08333333333333326,7831,16.600689567105093
2804,0,05/03/2020,0,0.0,2607,0.0
2881,0,05/03/2020,0,0.0,7841,0.0
2912,0,05/03/2020,0,0.0,1370,0.0
2875,0,05/03/2020,0,0.0,307,0.0
2835,8,05/03/2020,0,0.0,5405,14.801110083256244
2825,10,05/03/2020,0,0.0,5377,18.597731076808632
2817,14,05/03/2020,1,0.07692307692307687,6135,22.819885900570497
2839,8,05/03/2020,0,0.0,1902,42.06098843322818
2807,0,05/03/2020,0,0.0,1051,0.0
2808,12,05/03/2020,0,0.0,2401,49.97917534360683
2873,0,05/03/2020,0,0.0,235,0.0
2814,17,05/03/2020,0,0.0,7496,22.678762006403414
2909,947,05/03/2020,34,0.03723986856516981,43540,217.50114836931556
2892,21,05/03/2020,0,0.0,4988,42.10104250200481
2802,0,05/03/2020,0,0.0,786,0.0
2872,0,05/03/2020,0,0.0,218,0.0
2833,0,05/03/2020,0,0.0,784,0.0
2822,21,05/03/2020,0,0.0,6111,34.36426116838488
2838,7,05/03/2020,0,0.0,3400,20.58823529411765
2888,75,05/04/2020,1,0.013513513513513598,19912,37.665729208517476
2906,221,05/04/2020,1,0.00454545454545463,28387,77.85253813365273
2878,49,05/04/2020,0,0.0,15780,31.051964512040556
2889,166,05/04/2020,2,0.012195121951219523,28217,58.8297834638693
2896,41,05/04/2020,0,0.0,11537,35.53783479240704
2920,298,05/04/2020,10,0.03472222222222232,37547,79.36719311795882
2885,36,05/04/2020,0,0.0,10627,33.8759762868166
2886,112,05/04/2020,0,0.0,29269,38.26574191123714
2892,21,05/04/2020,0,0.0,4988,42.10104250200481
2873,0,05/04/2020,0,0.0,235,0.0
2835,8,05/04/2020,0,0.0,5405,14.801110083256244
2837,9,05/04/2020,0,0.0,3492,25.77319587628866
2818,46,05/04/2020,0,0.0,18082,25.439663754009512
2802,0,05/04/2020,0,0.0,786,0.0
2832,10,05/04/2020,1,0.11111111111111116,4608,21.70138888888889
2879,58,05/04/2020,0,0.0,20371,28.47184723381277
2864,195,05/04/2020,0,0.0,33396,58.3902263744161
2816,100,05/04/2020,1,0.010101010101010166,32611,30.664499708687256
2919,164,05/04/2020,1,0.006134969325153339,28790,56.964223688780834
2807,0,05/04/2020,0,0.0,1051,0.0
2917,61,05/04/2020,0,0.0,13762,44.32495276849295
2817,14,05/04/2020,0,0.0,6135,22.819885900570497
2813,13,05/04/2020,0,0.0,7831,16.600689567105093
2865,86,05/04/2020,4,0.04878048780487809,16951,50.73446994277624
2915,203,05/04/2020,4,0.0201005025125629,16897,120.13966976386341
2875,0,05/04/2020,0,0.0,307,0.0
2910,151,05/04/2020,1,0.006666666666666599,21000,71.90476190476191
2916,35,05/04/2020,0,0.0,8139,43.00282589998771
2860,701,05/04/2020,16,0.023357664233576658,45199,155.0919268125401
2921,30,05/04/2020,0,0.0,12361,24.26988107758272
2852,133,05/04/2020,4,0.03100775193798455,22551,58.97742893884972
2809,77,05/04/2020,1,0.013157894736842035,22938,33.56875054494725
2905,334,05/04/2020,6,0.018292682926829285,25223,132.41882408912502
2895,318,05/04/2020,5,0.015974440894568787,41186,77.21070266595446
2898,11,05/04/2020,1,0.10000000000000009,1696,64.85849056603774
2806,34,05/04/2020,1,0.030303030303030276,16310,20.846106683016554
2893,153,05/04/2020,2,0.013245033112582849,29630,51.63685453931826
2912,0,05/04/2020,0,0.0,1370,0.0
2861,218,05/04/2020,0,0.0,26164,83.32059318147073
2808,12,05/04/2020,0,0.0,2401,49.97917534360683
2909,964,05/04/2020,17,0.017951425554382228,43540,221.40560404226
2840,38,05/04/2020,1,0.027027027027026973,23335,16.284551103492607
2836,0,05/04/2020,0,0.0,136,0.0
2908,727,05/04/2020,11,0.015363128491620026,37467,194.03741959591108
2914,153,05/04/2020,1,0.006578947368421018,21963,69.66261439694031
2839,8,05/04/2020,0,0.0,1902,42.06098843322818
2881,0,05/04/2020,0,0.0,7841,0.0
2830,14,05/04/2020,0,0.0,5976,23.427041499330656
2842,29,05/04/2020,1,0.03571428571428581,16095,18.01801801801802
2812,5,05/04/2020,0,0.0,1497,33.4001336005344
2831,11,05/04/2020,0,0.0,3515,31.294452347083926
2894,0,05/04/2020,0,0.0,722,0.0
2882,28,05/04/2020,0,0.0,14184,19.740552735476594
2904,544,05/04/2020,3,0.005545286506469571,29359,185.29241459177763
2826,0,05/04/2020,0,0.0,791,0.0
2874,5,05/04/2020,0,0.0,5860,8.532423208191126
2903,69,05/04/2020,1,0.014705882352941124,10780,64.00742115027829
2841,0,05/04/2020,0,0.0,1392,0.0
2907,571,05/04/2020,6,0.010619469026548645,27445,208.05246857351065
2857,16,05/04/2020,0,0.0,8412,19.020446980504044
2911,126,05/04/2020,2,0.016129032258064502,15574,80.90407088737639
2838,7,05/04/2020,0,0.0,3400,20.58823529411765
2828,109,05/04/2020,0,0.0,7704,141.48494288681206
2858,0,05/04/2020,0,0.0,570,0.0
2814,17,05/04/2020,0,0.0,7496,22.678762006403414
2859,48,05/04/2020,0,0.0,6738,71.23775601068566
2863,480,05/04/2020,13,0.027837259100642386,19385,247.61413464018568
2876,0,05/04/2020,0,0.0,430,0.0
2833,0,05/04/2020,0,0.0,784,0.0
2872,0,05/04/2020,0,0.0,218,0.0
2822,22,05/04/2020,1,0.04761904761904767,6111,36.00065455735559
2891,36,05/04/2020,0,0.0,21198,16.982734220209455
2804,0,05/04/2020,0,0.0,2607,0.0
2827,5,05/04/2020,0,0.0,2172,23.02025782688766
2815,0,05/04/2020,0,0.0,278,0.0
2871,22,05/04/2020,0,0.0,17171,12.812299807815503
2825,10,05/04/2020,0,0.0,5377,18.597731076808632
2908,1139,05/28/2020,412,0.5667125171939478,37467,304.00085408492805
2835,11,05/28/2020,3,0.375,5405,20.351526364477337
2808,12,05/28/2020,0,0.0,2401,49.97917534360683
2917,77,05/28/2020,16,0.2622950819672132,13762,55.95116988809766
2864,241,05/28/2020,46,0.23589743589743595,33396,72.16433105761169
2842,32,05/28/2020,3,0.10344827586206895,16095,19.881950916433677
2891,41,05/28/2020,5,0.13888888888888884,21198,19.341447306349657
2802,0,05/28/2020,0,0.0,786,0.0
2825,19,05/28/2020,9,0.8999999999999999,5377,35.3356890459364
2814,31,05/28/2020,14,0.8235294117647058,7496,41.355389541088584
2915,220,05/28/2020,17,0.08374384236453203,16897,130.2006273302953
2904,763,05/28/2020,219,0.4025735294117647,29359,259.88623590721755
2840,54,05/28/2020,16,0.42105263157894735,23335,23.14120419970002
2859,57,05/28/2020,9,0.1875,6738,84.59483526268923
2892,28,05/28/2020,7,0.33333333333333326,4988,56.13472333600642
2863,767,05/28/2020,287,0.5979166666666667,19385,395.6667526437967
2822,33,05/28/2020,11,0.5,6111,54.00098183603338
2818,66,05/28/2020,20,0.4347826086956521,18082,36.500387125318
2920,437,05/28/2020,139,0.46644295302013417,37547,116.3874610488188
2857,26,05/28/2020,10,0.625,8412,30.90822634331907
2911,161,05/28/2020,35,0.2777777777777777,15574,103.37742391164763
2906,274,05/28/2020,53,0.23981900452488691,28387,96.52305632860111
2907,932,05/28/2020,361,0.6322241681260945,27445,339.5882674439789
2914,378,05/28/2020,225,1.4705882352941178,21963,172.10763556891135
2881,6,05/28/2020,6,0.0,7841,7.652085193215151
2837,12,05/28/2020,3,0.33333333333333326,3492,34.36426116838488
2878,76,05/28/2020,27,0.5510204081632653,15780,48.16223067173638
2898,10,05/28/2020,-1,-0.09090909090909094,1696,58.9622641509434
2895,511,05/28/2020,193,0.6069182389937107,41186,124.07128635944254
2806,47,05/28/2020,13,0.38235294117647056,16310,28.816676885346414
2830,21,05/28/2020,7,0.5,5976,35.140562248995984
2921,42,05/28/2020,12,0.3999999999999999,12361,33.97783350861581
2916,49,05/28/2020,14,0.3999999999999999,8139,60.203956259982796
2905,494,05/28/2020,160,0.47904191616766467,25223,195.85299131744839
2816,153,05/28/2020,53,0.53,32611,46.9166845542915
2861,317,05/28/2020,99,0.45412844036697253,26164,121.15884421342302
2858,0,05/28/2020,0,0.0,570,0.0
2815,0,05/28/2020,0,0.0,278,0.0
2893,237,05/28/2020,84,0.5490196078431373,29630,79.9865001687479
2832,12,05/28/2020,2,0.19999999999999996,4608,26.041666666666664
2888,119,05/28/2020,44,0.5866666666666667,19912,59.76295701084773
2889,223,05/28/2020,57,0.34337349397590367,28217,79.03037176170395
2876,0,05/28/2020,0,0.0,430,0.0
2875,0,05/28/2020,0,0.0,307,0.0
2894,0,05/28/2020,0,0.0,722,0.0
2885,57,05/28/2020,21,0.5833333333333333,10627,53.63696245412628
2860,999,05/28/2020,298,0.42510699001426544,45199,221.02258899533177
2812,10,05/28/2020,5,1.0,1497,66.8002672010688
2886,159,05/28/2020,47,0.4196428571428572,29269,54.323687177559876
2831,14,05/28/2020,3,0.2727272727272727,3515,39.82930298719772
2873,0,05/28/2020,0,0.0,235,0.0
2838,13,05/28/2020,6,0.8571428571428572,3400,38.23529411764706
2874,6,05/28/2020,1,0.19999999999999996,5860,10.238907849829351
2903,130,05/28/2020,61,0.8840579710144927,10780,120.59369202226345
2841,0,05/28/2020,0,0.0,1392,0.0
2828,169,05/28/2020,60,0.5504587155963303,7704,219.36656282450676
2839,8,05/28/2020,0,0.0,1902,42.06098843322818
2871,37,05/28/2020,15,0.6818181818181819,17171,21.54795876768971
2896,91,05/28/2020,50,1.2195121951219514,11537,78.8766577099766
2809,111,05/28/2020,34,0.4415584415584415,22938,48.39131572063824
2872,0,05/28/2020,0,0.0,218,0.0
2833,0,05/28/2020,0,0.0,784,0.0
2910,232,05/28/2020,81,0.5364238410596027,21000,110.47619047619047
2817,18,05/28/2020,4,0.2857142857142858,6135,29.3398533007335
2807,0,05/28/2020,0,0.0,1051,0.0
2865,121,05/28/2020,35,0.40697674418604657,16951,71.38221933809216
2882,37,05/28/2020,9,0.3214285714285714,14184,26.08573040045121
2836,0,05/28/2020,0,0.0,136,0.0
2813,15,05/28/2020,2,0.15384615384615374,7831,19.154641808198186
2912,0,05/28/2020,0,0.0,1370,0.0
2804,0,05/28/2020,0,0.0,2607,0.0
2826,0,05/28/2020,0,0.0,791,0.0
2827,9,05/28/2020,4,0.8,2172,41.43646408839779
2879,69,05/28/2020,11,0.18965517241379315,20371,33.87168032988071
2852,195,05/28/2020,62,0.46616541353383467,22551,86.47066648929095
2919,334,05/28/2020,170,1.0365853658536586,28790,116.01250434178534
2909,1465,05/28/2020,501,0.5197095435684647,43540,336.47220946256317
2903,131,05/29/2020,1,0.007692307692307665,10780,121.5213358070501
2826,0,05/29/2020,0,0.0,791,0.0
2907,942,05/29/2020,10,0.010729613733905685,27445,343.23191838221896
2836,0,05/29/2020,0,0.0,136,0.0
2841,0,05/29/2020,0,0.0,1392,0.0
2825,19,05/29/2020,0,0.0,5377,35.3356890459364
2839,8,05/29/2020,0,0.0,1902,42.06098843322818
2857,26,05/29/2020,0,0.0,8412,30.90822634331907
2914,384,05/29/2020,6,0.015873015873015817,21963,174.8395028001639
2891,41,05/29/2020,0,0.0,21198,19.341447306349657
2827,9,05/29/2020,0,0.0,2172,41.43646408839779
2842,35,05/29/2020,3,0.09375,16095,21.745883814849332
2908,1150,05/29/2020,11,0.009657594381035972,37467,306.9367710251688
2858,0,05/29/2020,0,0.0,570,0.0
2909,1469,05/29/2020,4,0.0027303754266212454,43540,337.39090491502066
2806,48,05/29/2020,1,0.02127659574468077,16310,29.429797670141017
2833,0,05/29/2020,0,0.0,784,0.0
2831,14,05/29/2020,0,0.0,3515,39.82930298719772
2814,32,05/29/2020,1,0.032258064516129004,7496,42.68943436499467
2876,0,05/29/2020,0,0.0,430,0.0
2840,55,05/29/2020,1,0.0185185185185186,23335,23.569745018212984
2804,0,05/29/2020,0,0.0,2607,0.0
2822,33,05/29/2020,0,0.0,6111,54.00098183603338
2904,772,05/29/2020,9,0.011795543905635641,29359,262.9517354133315
2894,0,05/29/2020,0,0.0,722,0.0
2830,21,05/29/2020,0,0.0,5976,35.140562248995984
2881,6,05/29/2020,0,0.0,7841,7.652085193215151
2812,10,05/29/2020,0,0.0,1497,66.8002672010688
2815,0,05/29/2020,0,0.0,278,0.0
2905,502,05/29/2020,8,0.0161943319838056,25223,199.02469967886455
2863,770,05/29/2020,3,0.003911342894393766,19385,397.2143409852979
2832,12,05/29/2020,0,0.0,4608,26.041666666666664
2895,515,05/29/2020,4,0.007827788649706457,41186,125.04249016656145
2809,112,05/29/2020,1,0.009009009009008917,22938,48.827273519923274
2912,0,05/29/2020,0,0.0,1370,0.0
2852,196,05/29/2020,1,0.00512820512820511,22551,86.91410580462063
2885,57,05/29/2020,0,0.0,10627,53.63696245412628
2865,124,05/29/2020,3,0.024793388429751984,16951,73.15202642911922
2916,49,05/29/2020,0,0.0,8139,60.203956259982796
2915,220,05/29/2020,0,0.0,16897,130.2006273302953
2893,239,05/29/2020,2,0.00843881856540074,29630,80.66149173135337
2921,42,05/29/2020,0,0.0,12361,33.97783350861581
2808,12,05/29/2020,0,0.0,2401,49.97917534360683
2813,15,05/29/2020,0,0.0,7831,19.154641808198186
2807,0,05/29/2020,0,0.0,1051,0.0
2864,246,05/29/2020,5,0.020746887966804906,33396,73.66151634926338
2816,162,05/29/2020,9,0.05882352941176472,32611,49.67648952807335
2882,37,05/29/2020,0,0.0,14184,26.08573040045121
2879,69,05/29/2020,0,0.0,20371,33.87168032988071
2802,0,05/29/2020,0,0.0,786,0.0
2917,77,05/29/2020,0,0.0,13762,55.95116988809766
2910,233,05/29/2020,1,0.004310344827586299,21000,110.95238095238095
2872,0,05/29/2020,0,0.0,218,0.0
2878,78,05/29/2020,2,0.026315789473684292,15780,49.4296577946768
2889,223,05/29/2020,0,0.0,28217,79.03037176170395
2871,37,05/29/2020,0,0.0,17171,21.54795876768971
2817,18,05/29/2020,0,0.0,6135,29.3398533007335
2828,169,05/29/2020,0,0.0,7704,219.36656282450676
2859,58,05/29/2020,1,0.01754385964912286,6738,86.07895517957851
2873,0,05/29/2020,0,0.0,235,0.0
2835,11,05/29/2020,0,0.0,5405,20.351526364477337
2861,317,05/29/2020,0,0.0,26164,121.15884421342302
2874,6,05/29/2020,0,0.0,5860,10.238907849829351
2886,160,05/29/2020,1,0.0062893081761006275,29269,54.66534558748163
2837,12,05/29/2020,0,0.0,3492,34.36426116838488
2892,29,05/29/2020,1,0.03571428571428581,4988,58.13953488372093
2838,13,05/29/2020,0,0.0,3400,38.23529411764706
2920,439,05/29/2020,2,0.004576659038901587,37547,116.9201267744427
2860,1003,05/29/2020,4,0.004004004004003914,45199,221.90756432664438
2818,68,05/29/2020,2,0.030303030303030276,18082,37.606459462448846
2888,119,05/29/2020,0,0.0,19912,59.76295701084773
2875,0,05/29/2020,0,0.0,307,0.0
2911,162,05/29/2020,1,0.006211180124223503,15574,104.01951971234108
2898,10,05/29/2020,0,0.0,1696,58.9622641509434
2906,276,05/29/2020,2,0.007299270072992803,28387,97.22760418501427
2896,91,05/29/2020,0,0.0,11537,78.8766577099766
2919,340,05/29/2020,6,0.017964071856287456,28790,118.09656130600904
2885,61,06/08/2020,4,0.07017543859649122,10627,57.40095981932813
2806,49,06/08/2020,1,0.02083333333333326,16310,30.042918454935624
2833,0,06/08/2020,0,0.0,784,0.0
2891,41,06/08/2020,0,0.0,21198,19.341447306349657
2836,0,06/08/2020,0,0.0,136,0.0
2858,0,06/08/2020,0,0.0,570,0.0
2909,1643,06/08/2020,174,0.11844792375765834,43540,377.3541570969224
2876,0,06/08/2020,0,0.0,430,0.0
2903,146,06/08/2020,15,0.11450381679389321,10780,135.43599257884972
2839,8,06/08/2020,0,0.0,1902,42.06098843322818
2828,173,06/08/2020,4,0.023668639053254337,7704,224.55867082035306
2886,176,06/08/2020,16,0.10000000000000009,29269,60.1318801462298
2838,31,06/08/2020,18,1.3846153846153846,3400,91.17647058823529
2888,123,06/08/2020,4,0.03361344537815136,19912,61.77179590196866
2809,117,06/08/2020,5,0.044642857142857206,22938,51.00706251634841
2832,11,06/08/2020,-1,-0.08333333333333337,4608,23.87152777777778
2825,21,06/08/2020,2,0.10526315789473695,5377,39.05523526129812
2865,134,06/08/2020,10,0.08064516129032251,16951,79.05138339920948
2879,71,06/08/2020,2,0.02898550724637672,20371,34.85346816552943
2917,78,06/08/2020,1,0.01298701298701288,13762,56.67780845807295
2808,12,06/08/2020,0,0.0,2401,49.97917534360683
2916,56,06/08/2020,7,0.1428571428571428,8139,68.80452143998035
2878,82,06/08/2020,4,0.05128205128205132,15780,51.964512040557665
2898,12,06/08/2020,2,0.19999999999999996,1696,70.75471698113208
2818,71,06/08/2020,3,0.044117647058823595,18082,39.26556796814511
2859,63,06/08/2020,5,0.0862068965517242,6738,93.49955476402494
2835,12,06/08/2020,1,0.09090909090909083,5405,22.201665124884368
2914,405,06/08/2020,21,0.0546875,21963,184.4010381095479
2881,6,06/08/2020,0,0.0,7841,7.652085193215151
2840,66,06/08/2020,11,0.19999999999999996,23335,28.28369402185558
2813,15,06/08/2020,0,0.0,7831,19.154641808198186
2817,18,06/08/2020,0,0.0,6135,29.3398533007335
2814,34,06/08/2020,2,0.0625,7496,45.35752401280683
2864,263,06/08/2020,17,0.06910569105691056,33396,78.75194634087914
2815,0,06/08/2020,0,0.0,278,0.0
2804,0,06/08/2020,0,0.0,2607,0.0
2871,44,06/08/2020,7,0.18918918918918926,17171,25.624599615631006
2842,40,06/08/2020,5,0.1428571428571428,16095,24.852438645542094
2892,28,06/08/2020,-1,-0.03448275862068961,4988,56.13472333600642
2874,8,06/08/2020,2,0.33333333333333326,5860,13.651877133105803
2826,0,06/08/2020,0,0.0,791,0.0
2905,553,06/08/2020,51,0.10159362549800788,25223,219.24434048289262
2910,248,06/08/2020,15,0.06437768240343344,21000,118.0952380952381
2907,1080,06/08/2020,138,0.14649681528662417,27445,393.5143013299326
2873,0,06/08/2020,0,0.0,235,0.0
2908,1280,06/08/2020,130,0.11304347826086958,37467,341.633971228014
2807,0,06/08/2020,0,0.0,1051,0.0
2919,413,06/08/2020,73,0.21470588235294108,28790,143.45258770406392
2837,12,06/08/2020,0,0.0,3492,34.36426116838488
2812,10,06/08/2020,0,0.0,1497,66.8002672010688
2861,341,06/08/2020,24,0.0757097791798107,26164,130.33175355450237
2904,831,06/08/2020,59,0.07642487046632129,29359,283.0477877311897
2830,22,06/08/2020,1,0.04761904761904767,5976,36.81392235609103
2920,483,06/08/2020,44,0.10022779043280172,37547,128.63877273816814
2802,0,06/08/2020,0,0.0,786,0.0
2816,165,06/08/2020,3,0.0185185185185186,32611,50.596424519333965
2852,216,06/08/2020,20,0.1020408163265305,22551,95.78289211121458
2906,289,06/08/2020,13,0.047101449275362306,28387,101.80716525169973
2872,0,06/08/2020,0,0.0,218,0.0
2882,37,06/08/2020,0,0.0,14184,26.08573040045121
2875,0,06/08/2020,0,0.0,307,0.0
2889,241,06/08/2020,18,0.08071748878923768,28217,85.40950490838856
2860,1080,06/08/2020,77,0.07676969092721841,45199,238.9433394544127
2831,19,06/08/2020,5,0.3571428571428572,3515,54.054054054054056
2863,819,06/08/2020,49,0.06363636363636371,19385,422.4916172298169
2895,575,06/08/2020,60,0.11650485436893199,41186,139.6105472733453
2896,95,06/08/2020,4,0.04395604395604402,11537,82.34376354338217
2827,10,06/08/2020,1,0.11111111111111116,2172,46.04051565377532
2841,0,06/08/2020,0,0.0,1392,0.0
2893,263,06/08/2020,24,0.10041841004184104,29630,88.76139048261896
2857,30,06/08/2020,4,0.15384615384615374,8412,35.66333808844508
2911,180,06/08/2020,18,0.11111111111111116,15574,115.57724412482342
2822,35,06/08/2020,2,0.06060606060606055,6111,57.273768613974795
2912,0,06/08/2020,0,0.0,1370,0.0
2915,225,06/08/2020,5,0.022727272727272707,16897,133.15973249689293
2921,43,06/08/2020,1,0.023809523809523725,12361,34.78682954453523
2894,0,06/08/2020,0,0.0,722,0.0
2864,273,06/15/2020,10,0.03802281368821303,33396,81.74631692418252
2861,355,06/15/2020,14,0.04105571847507328,26164,135.68261733679864
2921,51,06/15/2020,8,0.18604651162790709,12361,41.25879783189062
2808,12,06/15/2020,0,0.0,2401,49.97917534360683
2916,56,06/15/2020,0,0.0,8139,68.80452143998035
2915,225,06/15/2020,0,0.0,16897,133.15973249689293
2841,0,06/15/2020,0,0.0,1392,0.0
2895,604,06/15/2020,29,0.050434782608695716,41186,146.6517748749575
2828,173,06/15/2020,0,0.0,7704,224.55867082035306
2839,8,06/15/2020,0,0.0,1902,42.06098843322818
2873,0,06/15/2020,0,0.0,235,0.0
2917,80,06/15/2020,2,0.02564102564102555,13762,58.131085598023546
2888,126,06/15/2020,3,0.024390243902439046,19912,63.27842507030937
2875,0,06/15/2020,0,0.0,307,0.0
2889,249,06/15/2020,8,0.03319502074688807,28217,88.24467519580395
2896,107,06/15/2020,12,0.12631578947368416,11537,92.74508104359886
2912,0,06/15/2020,0,0.0,1370,0.0
2809,122,06/15/2020,5,0.042735042735042805,22938,53.186851512773565
2893,271,06/15/2020,8,0.03041825095057038,29630,91.46135673304084
2836,0,06/15/2020,0,0.0,136,0.0
2832,11,06/15/2020,0,0.0,4608,23.87152777777778
2882,36,06/15/2020,-1,-0.027027027027026973,14184,25.380710659898476
2874,7,06/15/2020,-1,-0.125,5860,11.945392491467576
2886,180,06/15/2020,4,0.022727272727272707,29269,61.498513785916835
2865,140,06/15/2020,6,0.04477611940298498,16951,82.59099758126365
2807,0,06/15/2020,0,0.0,1051,0.0
2910,255,06/15/2020,7,0.02822580645161299,21000,121.42857142857143
2879,71,06/15/2020,0,0.0,20371,34.85346816552943
2919,434,06/15/2020,21,0.05084745762711873,28790,150.74678707884684
2802,0,06/15/2020,0,0.0,786,0.0
2813,16,06/15/2020,1,0.06666666666666665,7831,20.431617928744732
2871,46,06/15/2020,2,0.045454545454545414,17171,26.789354143614233
2852,221,06/15/2020,5,0.02314814814814814,22551,98.00008868786306
2878,86,06/15/2020,4,0.04878048780487809,15780,54.49936628643853
2903,151,06/15/2020,5,0.03424657534246567,10780,140.07421150278293
2837,12,06/15/2020,0,0.0,3492,34.36426116838488
2840,67,06/15/2020,1,0.015151515151515138,23335,28.712234840368545
2872,0,06/15/2020,0,0.0,218,0.0
2894,0,06/15/2020,0,0.0,722,0.0
2881,6,06/15/2020,0,0.0,7841,7.652085193215151
2908,1315,06/15/2020,35,0.02734375,37467,350.97552512878
2826,0,06/15/2020,0,0.0,791,0.0
2891,41,06/15/2020,0,0.0,21198,19.341447306349657
2814,35,06/15/2020,1,0.02941176470588225,7496,46.69156883671291
2842,42,06/15/2020,2,0.050000000000000044,16095,26.0950605778192
2858,0,06/15/2020,0,0.0,570,0.0
2909,1712,06/15/2020,69,0.04199634814363962,43540,393.20165365181447
2822,36,06/15/2020,1,0.02857142857142847,6111,58.910162002945505
2806,51,06/15/2020,2,0.04081632653061229,16310,31.26916002452483
2816,171,06/15/2020,6,0.036363636363636376,32611,52.4362945018552
2804,0,06/15/2020,0,0.0,2607,0.0
2911,179,06/15/2020,-1,-0.005555555555555536,15574,114.93514832412995
2827,10,06/15/2020,0,0.0,2172,46.04051565377532
2885,63,06/15/2020,2,0.032786885245901676,10627,59.28295850192905
2831,20,06/15/2020,1,0.05263157894736836,3515,56.899004267425326
2860,1130,06/15/2020,50,0.04629629629629628,45199,250.00553109582071
2817,18,06/15/2020,0,0.0,6135,29.3398533007335
2833,0,06/15/2020,0,0.0,784,0.0
2825,21,06/15/2020,0,0.0,5377,39.05523526129812
2830,22,06/15/2020,0,0.0,5976,36.81392235609103
2904,853,06/15/2020,22,0.026474127557160054,29359,290.54123096835724
2812,10,06/15/2020,0,0.0,1497,66.8002672010688
2906,297,06/15/2020,8,0.02768166089965396,28387,104.6253566773523
2898,13,06/15/2020,1,0.08333333333333326,1696,76.65094339622641
2818,73,06/15/2020,2,0.028169014084507005,18082,40.37164030527596
2892,28,06/15/2020,0,0.0,4988,56.13472333600642
2920,502,06/15/2020,19,0.039337474120082705,37547,133.69909713159507
2905,560,06/15/2020,7,0.012658227848101333,25223,222.01958529913173
2859,64,06/15/2020,1,0.015873015873015817,6738,94.98367468091422
2857,31,06/15/2020,1,0.03333333333333344,8412,36.85211602472658
2835,12,06/15/2020,0,0.0,5405,22.201665124884368
2838,71,06/15/2020,40,1.2903225806451615,3400,208.8235294117647
2863,870,06/15/2020,51,0.06227106227106227,19385,448.80061903533664
2815,0,06/15/2020,0,0.0,278,0.0
2914,428,06/15/2020,23,0.05679012345679002,21963,194.87319582934936
2907,1129,06/15/2020,49,0.04537037037037028,27445,411.3681909273092
2876,0,06/15/2020,0,0.0,430,0.0
2826,0,06/22/2020,0,0.0,791,0.0
2873,0,06/22/2020,0,0.0,235,0.0
2872,0,06/22/2020,0,0.0,218,0.0
2833,0,06/22/2020,0,0.0,784,0.0
2839,9,06/22/2020,1,0.125,1902,47.31861198738171
2812,10,06/22/2020,0,0.0,1497,66.8002672010688
2896,112,06/22/2020,5,0.04672897196261672,11537,97.07896333535582
2804,0,06/22/2020,0,0.0,2607,0.0
2841,0,06/22/2020,0,0.0,1392,0.0
2903,155,06/22/2020,4,0.026490066225165476,10780,143.78478664192951
2827,10,06/22/2020,0,0.0,2172,46.04051565377532
2815,0,06/22/2020,0,0.0,278,0.0
2874,8,06/22/2020,1,0.1428571428571428,5860,13.651877133105803
2858,0,06/22/2020,0,0.0,570,0.0
2876,0,06/22/2020,0,0.0,430,0.0
2894,0,06/22/2020,0,0.0,722,0.0
2828,175,06/22/2020,2,0.011560693641618602,7704,227.15472481827624
2909,1773,06/22/2020,61,0.035630841121495394,43540,407.21175930179146
2886,184,06/22/2020,4,0.022222222222222143,29269,62.86514742560388
2875,0,06/22/2020,0,0.0,307,0.0
2871,48,06/22/2020,2,0.04347826086956519,17171,27.954108671597464
2882,38,06/22/2020,2,0.05555555555555558,14184,26.790750141003947
2888,131,06/22/2020,5,0.039682539682539764,19912,65.78947368421052
2859,65,06/22/2020,1,0.015625,6738,96.4677945978035
2905,584,06/22/2020,24,0.04285714285714293,25223,231.53471038338026
2857,32,06/22/2020,1,0.032258064516129004,8412,38.04089396100809
2835,13,06/22/2020,1,0.08333333333333326,5405,24.051803885291395
2914,430,06/22/2020,2,0.004672897196261738,21963,195.78381823976687
2863,897,06/22/2020,27,0.03103448275862064,19385,462.72891410884705
2907,1164,06/22/2020,35,0.031000885739592476,27445,424.1209692111496
2830,23,06/22/2020,1,0.045454545454545414,5976,38.48728246318608
2840,75,06/22/2020,8,0.11940298507462677,23335,32.14056138847225
2904,862,06/22/2020,9,0.010550996483001063,29359,293.6067304744712
2814,36,06/22/2020,1,0.02857142857142847,7496,48.025613660619
2920,508,06/22/2020,6,0.01195219123505975,37547,135.2970943084667
2881,6,06/22/2020,0,0.0,7841,7.652085193215151
2891,42,06/22/2020,1,0.024390243902439046,21198,19.813189923577696
2842,45,06/22/2020,3,0.0714285714285714,16095,27.958993476234856
2822,36,06/22/2020,0,0.0,6111,58.910162002945505
2806,52,06/22/2020,1,0.019607843137254832,16310,31.882280809319433
2816,181,06/22/2020,10,0.0584795321637428,32611,55.502744472723926
2825,21,06/22/2020,0,0.0,5377,39.05523526129812
2911,187,06/22/2020,8,0.04469273743016755,15574,120.07191472967766
2831,20,06/22/2020,0,0.0,3515,56.899004267425326
2885,67,06/22/2020,4,0.06349206349206349,10627,63.0469558671309
2860,1151,06/22/2020,21,0.018584070796460184,45199,254.65165158521205
2817,18,06/22/2020,0,0.0,6135,29.3398533007335
2908,1332,06/22/2020,17,0.012927756653992484,37467,355.51285130915204
2838,94,06/22/2020,23,0.323943661971831,3400,276.47058823529414
2892,28,06/22/2020,0,0.0,4988,56.13472333600642
2898,13,06/22/2020,0,0.0,1696,76.65094339622641
2889,258,06/22/2020,9,0.03614457831325302,28217,91.43424176914625
2912,0,06/22/2020,0,0.0,1370,0.0
2809,124,06/22/2020,2,0.016393442622950838,22938,54.05876711134362
2893,283,06/22/2020,12,0.04428044280442811,29630,95.51130610867364
2832,11,06/22/2020,0,0.0,4608,23.87152777777778
2865,140,06/22/2020,0,0.0,16951,82.59099758126365
2852,221,06/22/2020,0,0.0,22551,98.00008868786306
2807,0,06/22/2020,0,0.0,1051,0.0
2910,263,06/22/2020,8,0.031372549019607954,21000,125.23809523809524
2879,74,06/22/2020,3,0.04225352112676051,20371,36.3261499190025
2919,444,06/22/2020,10,0.02304147465437789,28790,154.22021535255297
2818,78,06/22/2020,5,0.06849315068493156,18082,43.13682114810309
2802,0,06/22/2020,0,0.0,786,0.0
2917,80,06/22/2020,0,0.0,13762,58.131085598023546
2861,360,06/22/2020,5,0.014084507042253502,26164,137.5936401161902
2864,277,06/22/2020,4,0.0146520146520146,33396,82.94406515750389
2921,53,06/22/2020,2,0.03921568627450989,12361,42.876789903729474
2916,58,06/22/2020,2,0.03571428571428581,8139,71.2618257771225
2915,229,06/22/2020,4,0.01777777777777767,16897,135.52701663017103
2808,12,06/22/2020,0,0.0,2401,49.97917534360683
2837,12,06/22/2020,0,0.0,3492,34.36426116838488
2878,87,06/22/2020,1,0.011627906976744207,15780,55.13307984790874
2895,624,06/22/2020,20,0.0331125827814569,41186,151.50779391055212
2906,299,06/22/2020,2,0.006734006734006703,28387,105.32990453376546
2813,19,06/22/2020,3,0.1875,7831,24.262546290384368
2836,0,06/22/2020,0,0.0,136,0.0
